,constituency,name,party,age,cases,assets,liabilities,education_category,education,district,self_profession,spouse_profession,self_profession_category,spouse_profession_category
0,Shrirangapattana,Ravindra Srikantaiah,JD(S),46,0.0,6895000.0,1600000.0,Graduates,"BA year 1990-91 P.E.S College ,Mandya",Mandya,Agriculturalist,Housewife,Agriculture / Farming,Education / Academia
1,Hunsur,Adaguru H Vishwanath,JD(S),68,1.0,30794325.0,200000.0,Graduates,BSC JSS Colleage 1971 LLB SHARAD VILAS COLLEAGE MYSORE UNIVERSITY 1975,Mysore,Agriculture,Agriculture,Agriculture / Farming,Agriculture / Farming
2,Magadi,A. Manjunath,JD(S),45,2.0,79436194.0,50712919.0,Graduates,B.B.M- Rerukachrya College Bangalore Vishvavidyalaya yr 1993-94,Ramanagaram,Agriculture Ex-ZP Member,Business,"Agriculture / Farming, Social Work / Activism",Business / Entrepreneurship
3,Belgaum Dakshin,Abhay Patil,BJP,48,5.0,95773303.0,,Secondary Education,"SSLC Passed from Govt. Chintamanrao Jr. College, Shahapur Belgaum in 1985, National Trade Certificate Secured from Bharatesh ITI College, Belgaum Year 1988",Belgaum,Agriculture and Social Work,House wife,"Agriculture / Farming, Social Work / Activism",Not Given
4,Heggadadevankote,Anil Kumar C,INC,29,0.0,26416899.0,29829291.0,Secondary Education,"S.S.L.C From Talent High School, Rajappa Building, Gokul Road, Hunasuru Town, Year 2005",Mysore,Agriculture,Bank Job,Agriculture / Farming,Banking / Finance
5,Sullia,Angara.S,BJP,54,0.0,10993945.0,1240103.0,Secondary Education,8TH PASS FROM CHIKKODI HIGH SCHOOL DATE 26-08-1981,Dakshina Kannada,AGRICULTURIST AND SOCIAL SERVICE,HOUSE WIFE,"Agriculture / Farming, Social Work / Activism",Not Given
6,Kushtagi,Amaregouda Linganagouda Patil Bayyapur,INC,64,0.0,15501971.0,1944066.0,Graduates,"BA Degree S.V.M College ,Illakal Karanataka In year 1980",Koppal,Agriculturalist,Housewife,Agriculture / Farming,Education / Academia
7,Muddebihal,Ameenappa Gouda S Patil (Nadahalli),BJP,49,0.0,763437525.0,180347051.0,Postgraduates,M Sc. in biology -1994,Bijapur,Business,Housewife,Business / Entrepreneurship,Education / Academia
8,Arkalgud,A. T. Ramaswamy,JD(S),66,0.0,40811816.0,,Graduates,"B.Sc in Agriculture, Agriculture College, Dharwad ,Agriculture University in 1974",Hassan,Agriculture and Ex-MLA,"Agriculture,Poultry farm,Horticulture,","Agriculture / Farming, Politics / Public Service",Agriculture / Farming
9,Jevargi,Ajay Dharam Singh,INC,44,1.0,411449731.0,246263480.0,Postgraduates,"MBBS from M S Ramaiah Medical College, Bangalore Year 1993 to 1998",Gulbarga,Social Worker Business,Business,"Social Work / Activism, Business / Entrepreneurship",Business / Entrepreneurship
10,Vijayanagara,Anand Singh,INC,52,16.0,1175138443.0,270108699.0,Higher Secondary Education,"PUC from Corporation Pre-University College, Magadi Road Bangalore Year 1993",Bellary,"Business, Agriculture","Business, Agriculture Land Lady","Business / Entrepreneurship, Agriculture / Farming","Business / Entrepreneurship, Agriculture / Farming"
11,Dharwad,Amrut Ayyappa Desai,BJP,41,0.0,85800000.0,1250000.0,Graduates,BCOM 3RDsem in karnataka university dharwad,Dharwad,"SHETKI, SOCIAL WORKER","House Wife,SHETKI, SOCIAL WORKER","Social Work / Activism, Agriculture / Farming",Social Work / Activism
12,Belgaum Uttar,Anil S Benake,BJP,53,0.0,50672539.0,1998559.0,Postgraduates,"LLB (Spl) from R L Law College, Tilakwadi Belgaum, Karnataka University, Dharwad in 1991",Belgaum,Advocate. Legal Profession,"House wife, Business",Law / Judiciary,"Business / Entrepreneurship, Not Given"
13,Khanapur,Dr. Anjali Hemant Nimbalkar,INC,41,0.0,142954533.0,9289913.0,Doctorates,"MBBS FROM LOKMANYA TILAK MUNICIPAL MEDICAL COLLEGE , SION, MUMBAI YEAR 1998. MS(GYNECOLOGY) FROM DR D.Y PATIL MEDICAL COLLEGE AND UNIVERSITY , NAVI MUMBAI. YEAR 2010",Belgaum,DOCTOR,"INSPECTOR GENERAL OF POLICE, KARNATAKA STATE",Medicine / Healthcare,"Law Enforcement / Security, Military / Defense"
14,Tirthahalli,Araga Jnanendra,BJP,65,1.0,21483250.0,1051002.0,Graduates,B.Com State college of Shimoga yr passed 1971-1974,Shimoga,Agriculturist,House Wife,Agriculture / Farming,Cound't Classify
15,T.Narasipur,Ashvin Kumar.M,JD(S),36,0.0,8879846.0,,Postgraduates,M tech gandhi krushi vishwa vidhyalaya 2007-08,Mysore,Agriculture member of jilla panchayat,House wife,Agriculture / Farming,Not Given
16,Madikeri,Appachu Ranjan M P,BJP,61,0.0,93982425.0,7155548.0,Higher Secondary Education,"Has completed PUC in Vivekananda College, Puttur (1973)",Kodagu,Coffee growers,Coffee growers,Agriculture / Farming,Agriculture / Farming
17,Yellapur,Arabail Hebbar Shivaram,INC,61,0.0,67123218.0,39003244.0,Secondary Education,"SSLC- Secondary School Leaving Certificate from Kadatoka, Tq. Honnavara Year 1971",Uttara Kannada,"Agriculture, Business and Presently MLA",Agriculture and House wife,"Business / Entrepreneurship, Agriculture / Farming","Agriculture / Farming, Not Given"
18,Mahadevapura,Aravind Limbavali,BJP,51,1.0,170266166.0,33631358.0,Diploma Holders,"B.E (Civil) Course Completed BMS Engg. College Bangalore University in 1991-92, Diploma in Civil Engg. BVV's Polytechnic Bagalkot in 1986-87",Bangalore Urban,Civil Engineer and Social Worker,Business and Social Worker,"Engineering / Technology, Social Work / Activism","Business / Entrepreneurship, Social Work / Activism"
19,Hubli-Dharwad West,Arvind Bellad,BJP,48,0.0,752001000.0,197472000.0,Postgraduates,B.E and P.G.D.M Course in S.D.M Engineering college Dharwad(1991-1992).,Dharwad,"Business, Sugar and Company Manager, Shares in Sugar and Company Pvt Ltd, Director of Sugar Enterprises Pvt Ltd",Business in Sugar and Company and Shares.,"Business / Entrepreneurship, Banking / Finance","Business / Entrepreneurship, Banking / Finance"
20,Hirekerur,Basavanagouda Patil,INC,62,0.0,59809625.0,22860240.0,Graduates,BA DVS Senior College Shivmogga.,Haveri,"Agriculture, Business ,film actor , socialworker",Education Scrertry,"Agriculture / Farming, Business / Entrepreneurship, Arts / Entertainment, Social Work / Activism",Education / Academia
21,Byndoor,B. M. Sukumar Shetty,BJP,66,0.0,346734544.0,,Diploma Holders,"1974-75, PUC, Govt Pre-university College Kundhapura B.A (incomplete) 1978 Bundar cars Kundapura",Udupi,"Shared Industries, Casiew nut Factory and Agriculture",Not Given,"Business / Entrepreneurship, Agriculture / Farming",Cound't Classify
22,Tiptur,B.C. Nagesh,BJP,59,0.0,94722879.0,716321.0,Graduates,BE(Bachelor's of Engineering) in Electricals from BMS college Bengaluru,Tumkur,Agriculture and Business,Agriculture and Partner in Business,"Agriculture / Farming, Business / Entrepreneurship","Agriculture / Farming, Business / Entrepreneurship"
23,Bellary,B Nagendra,INC,47,15.0,168840216.0,43501986.0,Graduates,"B.com, Veerasaiva Collage, Bellary, Gulbarga University. 1993",Bellary,Member of Assembly,Housewife,Politics / Public Service,Education / Academia
24,K.R.Pura,B.A.Basavaraja,INC,54,1.0,909101987.0,136867788.0,Graduates,BA incomplete Government commerce colleage Bangalore-1985-1988,B.B.M.P(North),Agriculture Business,Housewife,"Agriculture / Farming, Business / Entrepreneurship",Education / Academia
25,Bhadravati,B.K.Sangameshwara.,INC,55,3.0,30702517.0,16024408.0,Secondary Education,"EDUCATION- S.S.L.C , UNIVERSITY- K.S .S.E.B",Shimoga,FORMER,HOUSE WIFE,Cound't Classify,Not Given
26,Molakalmuru,B. Sreeramulu,BJP,47,4.0,185211180.0,4208766.0,Graduates,"B.A., Alagappa University 2008",Chitradurga,Bussinessman,House wife,Business / Entrepreneurship,Not Given
27,Anekal,B.Shivanna,INC,50,0.0,210137849.0,,Postgraduates,"M.Sc. from Bangalore University Year 1992, LLB from Islamia Law College, Bangalore Year 1995",Bangalore Urban,Agriculturist,House wife,Agriculture / Farming,Not Given
28,Chamrajpet,B.Z. Zameer Ahmed Khan,INC,51,1.0,403443699.0,227865459.0,Secondary Education,SSLC From Discontinued As Siddharth High School Kunigal Tamikur District In 1982-83,B.B.M.P(Central),N.T. Zameer Ahmed Khan Associates,Partner N.T. Zameer Ahmed Khan Associates,Cound't Classify,"Law / Judiciary, Consulting / Advisory"
29,Basavakalyan,B. Narayanrao,INC,63,0.0,86670111.0,,Graduates,"B.A. Passed From BVB Collge Bidar, Karnatak University Dharwad",Bidar,Agriculture Social Worker,House Wife,"Agriculture / Farming, Social Work / Activism",Cound't Classify
30,Sira,B Sathyanarayana,JD(S),65,0.0,76727505.0,5431842.0,Postgraduates,"LLB, Vidyodaya law collage, Bangalore university, 1976-77",Tumkur,Social service and agriculture,Partner of Laxmiranganatha enterprisess sira and Housewife,"Agriculture / Farming, Social Work / Activism","Business / Entrepreneurship, Not Given"
31,Shikaripura,B S Yadiyurappa,BJP,75,3.0,65483377.0,253710.0,Higher Secondary Education,"EDUCATION- PRE UNIVERSITY COURSE ,COLLEGE-GOVERNMENT COLLEGE ,PLACE-MANDYA, UNIVERSITY-MYSORE UNIVERSITY, YEAR-1976",Shimoga,AGRICULTURIST,Not Given,Agriculture / Farming,Cound't Classify
32,Bijapur City,Basanagoud .R. Patil (Yatnal),BJP,55,6.0,92798661.0,,Graduates,"B.Com, A.S.P Commerce Collage, Vijaypur, Karnataka University, Dharawad. Year 1983-84",Bijapur,Agriculture Social Service,"Housewife, Social Work Dairy farming","Social Work / Activism, Agriculture / Farming","Social Work / Activism, Agriculture / Farming"
33,Gulbarga Rural,Basawaraj Mattimud,BJP,38,0.0,86533854.0,14851114.0,Higher Secondary Education,PUC from Govt. PU College Gundagurti Tq. Chittapur in 1998,Gulbarga,Agriculture Social Service,Home Maker Business,"Social Work / Activism, Agriculture / Farming",Business / Entrepreneurship
34,Shiggaon,Basavaraj Bommai,BJP,58,0.0,89222462.0,49923550.0,Graduates,"BE from Mechanical Engineer, BVB College of Engineering",Haveri,Industrialist,House wife,Business / Entrepreneurship,Not Given
35,Raichur Rural,Basanagouda Daddal,INC,46,0.0,24677145.0,1850000.0,Secondary Education,"SSLC 2011 Sharada Vidya Niketan, Manvi",Raichur,Agriculture,Agriculture and house wife,Agriculture / Farming,Agriculture / Farming
36,Kanakagiri,Basavaraj Dadesugur,BJP,38,3.0,26310000.0,973000.0,Secondary Education,"7th Pass Govt,High School, Jhalahalli ,Devadurga, Raichuru Dist.",Koppal,Agriculturist,House wife,Agriculture / Farming,Not Given
37,Arabhavi,Balachandra Lakshmanarao Jarakiholi,BJP,51,0.0,193270979.0,1750000.0,Higher Secondary Education,"PUC Ist from JSS Art Science Commerce College Gokak in April 1983, SSLC from Karnataka Secondary Education Examination Board, Govt Junior College Gokak in April 1982",Belgaum,Business,Not Applicable,Business / Entrepreneurship,Cound't Classify
38,Bidar South,Bandeppa,JD(S),54,0.0,104418775.0,3780000.0,Graduates,"B.V.Sc. from Veternary College, Veternary University Bangalore Bidar in 1982-87",Bidar,Ex MLA,"House wife, Dairy Petty Business",Politics / Public Service,"Not Given, Business / Entrepreneurship"
39,Hagaribommanahalli,Bheema Naik L.B.P.,INC,43,1.0,93442000.0,31652469.0,Literate,8th Pass From Valmiki High School Hosapet Bellary 1988,Bellary,Farmer Ex-MLA,Agriculture,"Agriculture / Farming, Politics / Public Service",Agriculture / Farming
40,Melukote,C S Puttaraju,JD(S),54,0.0,76883468.0,18135366.0,Higher Secondary Education,"PUC From Sharadhavilaasa College, Mysore, Year-(1980-81)",Mandya,"Agriculture, Rent and Rice Mill","House Wife, Rental and Business Share","Agriculture / Farming, Construction / Real Estate",Hospitality / Tourism
41,Shravanabelagola,C N Balakrishna,JD(S),49,0.0,23103040.0,11885713.0,Graduates,"B.A., In Sri Adichuanagiri First Grade College Channarayapatna Mysore University 1990-91",Hassan,"Agricultrist, Member of Janatha Trust At Hasan",Bussiness,"Agriculture / Farming, Social Work / Activism",Business / Entrepreneurship
42,Kalghatgi,C M Nimbannavar,BJP,71,0.0,10475000.0,900000.0,Doctorates,"B.Ed in Mysore university(1974), M.A in Karnataka University,Dharwad(1980) and LLB(special) in J.S.S.Sakri Law College, Hubli(1981).",Dharwad,Retired Agriculturist,Not Given,Agriculture / Farming,Cound't Classify
43,Kundgol,Channabasappa Sathyappa Shivalli,INC,56,0.0,32835184.0,1900000.0,Graduates,"Has not completed BA, Shri. Kadasiddeshwara Arts College and H. S. Kothambri Science Institute, Hubbali",Dharwad,Shethki,Homemaker and shethki,Cound't Classify,Not Given
44,Nargund,Chandrakantagouda Channappagouda Patil,BJP,59,0.0,73805833.0,13892878.0,Secondary Education,10th in K E Board School in year 1977,Gadag,Agriculturalist and Buisness,Houewife,"Business / Entrepreneurship, Agriculture / Farming",Not Given
45,Hangal,C M Udasi,BJP,81,0.0,40094000.0,,Primary Education,"8th pass, New english school, hangal 1953",Haveri,Agriculture,House Wife,Agriculture / Farming,Cound't Classify
46,Mangalore City South,D. Vedavyasa Kamath,BJP,40,0.0,187268696.0,8620000.0,Graduates,B.Com. From Canara College Mangalore University 2000,Dakshina Kannada,Business,Business,Business / Entrepreneurship,Business / Entrepreneurship
47,Chamarajanagar,C Puttarangashetty,INC,64,0.0,33937023.0,300000.0,Graduates,"BA. From Mahadeshwara College, Kollegala - Mysore University, Year-1981-1982",Chamarajnagar,Agriculture,House Wife And Horticulture,Agriculture / Farming,"Education / Academia, Agriculture / Farming"
48,Maddur,D.C.Thammanna,JD(S),75,1.0,281219020.0,74232760.0,Postgraduates,"B.Sc., B.E. from Mysore University",Mandya,MLA,Industrialist,Politics / Public Service,Business / Entrepreneurship
49,Kumta,Dinakar Keshav Shetty,BJP,60,3.0,34793000.0,3596000.0,Higher Secondary Education,"PU in commerce, Dr.A V baliga commerce collage kumta.1975",Uttara Kannada,Wood merchant,Housewife,Construction / Real Estate,Education / Academia
50,Kanakapura,D K Shivakumar,INC,55,4.0,8400167045.0,2340715238.0,Postgraduates,Master of Arts in Political Science from Karnataka State Open University Mysore Year 2006,Ramanagaram,Educationist and Social Worker,House wife and Educationist,"Education / Academia, Social Work / Activism","Construction / Real Estate, Education / Academia"
51,Gulbarga Dakshin,Dattatraya C Patil Revoor Appu Gouda,BJP,35,0.0,172247264.0,86481124.0,Diploma Holders,"Passed Diploma in Pharmacy Ist Year Tipusultan College of Pharmacy Gulbarga, Board of Examining Authority Bangalore",Gulbarga,Business,House wife,Business / Entrepreneurship,Not Given
52,Gundlupet,C S Niranjan Kumar,BJP,44,1.0,49650000.0,19685341.0,Graduates,"B com, Maharaja Degree College ,Mysore",Chamarajnagar,Agriculturalist,Housewife,Agriculture / Farming,Education / Academia
53,Nagthan,Devanand Fulasing Chavan,JD(S),47,0.0,34999135.0,6400000.0,Postgraduates,"Has Completed M.A in Shivaji University, Kolhapura, Maharastra State(1996).",Bijapur,Tenacity,Worker in Private Educational Institute,Cound't Classify,Education / Academia
54,Chikmagalur,C T Ravi,BJP,50,3.0,50135079.0,21687727.0,Non-Traditional Education,Karnataka State Open University Mysore 2012,Chikmagalur,Lawmaker,housewife social worker,Politics / Public Service,Social Work / Activism
55,Haliyal,Deshpande R.V,INC,71,0.0,2151593731.0,159007197.0,Doctorates,"L.L.B. Shiva ji University , 1970, B.A.(Hons.) Karnatka University 1967.",Uttara Kannada,Social Worker,Investor,Social Work / Activism,Business / Entrepreneurship
56,Gandhi Nagar,Dinesh Gundu Rao,INC,48,0.0,271611000.0,11564000.0,Graduates,B.E.(E C) In 1992 From BMC College Bangalore,B.B.M.P(Central),MLA,House wife,Politics / Public Service,Not Given
57,Kittur,Doddagoudar Mahantesh Basavantaray,BJP,44,0.0,31106254.0,590000.0,Graduates,"B.A., LLB in 1997-98 from R.L. College Belagavi",Belgaum,Lawyer Farmer,Parternship Business,"Law / Judiciary, Agriculture / Farming",Business / Entrepreneurship
58,Hungund,Doddanagouda G Patil,BJP,61,6.0,182663260.0,38025409.0,Higher Secondary Education,PUC 1977-78 St josef colleg banglore,Bagalkot,"business, agriculture",Housewife,"Business / Entrepreneurship, Agriculture / Farming",Education / Academia
59,Tarikere,D S Suresh,BJP,50,0.0,141444072.0,15334903.0,Graduates,"BA(2nd Yr), SJM College, Tarikere Kuvempu University, First BA in 1989-90 to 2nd yr BA in 1990-91.",Chikmagalur,Agriculturist,Housewife,Agriculture / Farming,Education / Academia
60,Malleshwaram,Dr. Ashwath Narayan.C.N.,BJP,50,1.0,215017344.0,11319033.0,Postgraduates,"M.B.B.S., Kasturba medical College Manglore University .1995",B.B.M.P(North),"Doctor (M.B.B.S.),MLA (Karnataka Legislative Assembly)","Business, Social Work","Medicine / Healthcare, Politics / Public Service","Business / Entrepreneurship, Social Work / Activism"
61,Bhalki,Eshwar Khandre,INC,56,0.0,103607772.0,7612433.0,Graduates,"SSLC FROM GOVT. HIGH SCHOOL, BHALIKI YEAR 1977, PUC C.B COLLEGE OF ARTS AND SCIENCE, BHALKI YEAR 1979, B.E FROM PDA COLLEGE OF ENGINEERING GULBARGA YEAR 1985",Bidar,SOCIAL SERVICE AND AGRICULTURIST,AGRICULTURE,"Social Work / Activism, Agriculture / Farming",Agriculture / Farming
62,Lingsugur,D. S. Hoolageri,INC,52,3.0,107562086.0,6424068.0,Primary Education,7th pass government school 1977,Raichur,Granite business,housewife,Business / Entrepreneurship,Not Given
63,Chitradurga,G H Thippareddy,BJP,70,0.0,480452353.0,40726554.0,Higher Secondary Education,PUC MARCH 1973 FROM MYSORE UNIVERSITY,Chitradurga,"COTTON, CASTROL OIL AND REAL ESTATE BUSINESS AND AGRICULTURE",Agriculture and house wife,"Business / Entrepreneurship, Construction / Real Estate, Agriculture / Farming",Agriculture / Farming
64,Koratagere,Dr. G. Parameshwara,INC,66,0.0,116246878.0,93204228.0,Doctorates,MSc and Phd in Australia.,Tumkur,"LIC Agent, Agricultural Consultant",Artist,"Banking / Finance, Agriculture / Farming",Arts / Entertainment
65,Sandur,E Tukaram,INC,51,0.0,15964501.0,6251128.0,Postgraduates,"M COM GULBARGA UNIVERSITY NANDIHALLI 1992, P,J,D,B,A ST JOSEPH COLLEGE BANGALORE 1993",Bellary,SOCIAL WORKER,SOCIAL WORKER,Social Work / Activism,Social Work / Activism
66,Chikkaballapur,Dr. K. Sudhakar,INC,44,0.0,152765774.0,108663338.0,Doctorates,MBBS SIDARTHA MEDICAL COLLAGE THUMAKUR,Chikkaballapur,"MANEGING TRUST,SRI SAIKRISHAN TRUST",HINDO MOUNT COMPANY SADHASHIVANAGARA,Social Work / Activism,Cound't Classify
67,Nelamangala,Dr. K .Sreenivasamurthy,JD(S),56,0.0,69167802.0,7201000.0,Doctorates,MBBS From Gulbarga University 1980-1987,Bangalore Rural,Pension Holder Agriculturist,Government Lecture,"Education / Academia, Agriculture / Farming",Education / Academia
68,Mangalore City North,Dr.Bharath Shetty. Y,BJP,47,0.0,150531091.0,13297696.0,Doctorates,Master of Dental Surgery (MDS) From Rajiv Gandhi University Health Science Bangalore In 1998,Dakshina Kannada,Principal Of A.j. Institute of Dental Sciences Mangalore,Reader In Manipal Colege of Dental Sciences Mangaluru,Education / Academia,Education / Academia
69,Raybag,Aihole Duryodhan Mahalingappa,BJP,61,0.0,53132582.0,6511590.0,Secondary Education,"Has completed 10th standard in Harogeri Vidhyalaya, Harogeri",Belgaum,Holly Lawmaker,Homemaker,Politics / Public Service,Not Given
70,Harapanahalli,G Karunakara Reddy,BJP,56,0.0,594753982.0,348447608.0,Graduates,"B.A. from Veerashaiva College, Ballari, Gulbarga University",Davangere,Ex-Member of Legislative Assembly,Business,Politics / Public Service,Business / Entrepreneurship
71,Malavalli,Dr.K.Annadani,JD(S),51,3.0,34706874.0,510700.0,Doctorates,"MA ,PHD,in Bengaluru University, Year-2002",Mandya,Salesman,Sales and Housewife,Business / Entrepreneurship,"Business / Entrepreneurship, Not Given"
72,Tumkur City,G.B. Jyothi Ganesh,BJP,42,0.0,141552663.0,91102345.0,Graduates,"B.E. From Mechanical Engineering, Siddaganga Institute of Technology Tumkur Bangalore University In 1996 Post Graduate Diploma In Management Sciences From Sri Dharmasthala Manjunatheshwara Institute From Management Development Mysore In 1999",Tumkur,Engineer,House Wife,Engineering / Technology,Cound't Classify
73,Bellary City,G. Somasekhara Reddy,BJP,52,6.0,423066404.0,323465453.0,Postgraduates,M.Com From Gulbarga University In 1988,Bellary,Business Agricultural,House Wife,"Business / Entrepreneurship, Agriculture / Farming",Cound't Classify
74,Chikkodi-Sadalga,Ganesh Prakash Hukkeri,INC,40,0.0,109594754.0,9218245.0,Graduates,BBA British College Belgavi 1999-2000,Belgaum,"Tenacity, IOC Dealers",Architect Engering Tenacity,Business / Entrepreneurship,"Engineering / Technology, Consulting / Advisory"
75,Chamundeshwari,G.T.Devegowda,JD(S),68,0.0,167760116.0,63941590.0,Literate,"8th Passed From Govt. High school Ilaval, Mysuru in 1966",Mysore,Agriculture,house wife,Agriculture / Farming,Not Given
76,Mudhol,Govind Makthappa Karajol,BJP,67,0.0,20835222.0,,Unknown,Unknown,Bagalkot,Agricuhar Busness,House wife,"Agriculture / Farming, Business / Entrepreneurship",Not Given
77,Hosadurga,Gulihatti D Shekar,BJP,49,1.0,115950440.0,123182594.0,Graduates,"B Sc, From S.J.M College,Chitradurga , Year-1992",Chitradurga,"Director of Omshakthi Granite, Director of Om shakthi exports, Director of Halurameshwara Minaralas",Not Given,Business / Entrepreneurship,Cound't Classify
78,Raichur,Dr. Shivaraj Patil,BJP,47,0.0,81357775.0,15126210.0,Doctorates,"MD General Medicine from M R Medical College, Gulbarga University, Karnataka State in 1998",Raichur,Not Given,Not Given,Cound't Classify,Cound't Classify
79,Tumkur Rural,D C Gowrishankar,JD(S),41,0.0,18649437.0,,Graduates,"BSc ,From-HKES ,Sadashivnagar,Bangalore",Tumkur,Business,Housewife,Business / Entrepreneurship,Education / Academia
80,Yelburga,Achar Halappa Basappa,BJP,66,1.0,40840811.0,,Graduates,B.Sc In karnataka University yr 1975,Koppal,Tenacity,Household,Cound't Classify,Not Given
81,Gadag,Hanamantagouda Krishnagouda Patil,INC,64,0.0,76278991.0,46555991.0,Postgraduates,"BSc Graduation from JSS College[1973], Karnataka University, Dharwad. and LLB Spl from JSS Sakri law College Hubballi - Karnataka university, Dharwad.",Gadag,Agriculturist,Housewife,Agriculture / Farming,Education / Academia
82,Belthangady,Harish Poonja,BJP,36,2.0,29903661.0,15141480.0,Graduates,"B.A. FROM Mangalore University, Year-2004, and L.L.B. From Mangalore University, Year-2008",Dakshina Kannada,"LAYER , DIRECTOR IN PIX O GRAMMAR PRE MEDIA PRIVATE LTD, PARTNER IN SWIKRUTHA ENTERPRISES, MANGALORE","ASSISTANT PROFESSOR , A.J INSTITUTE OF MEDICAL SCIENCE , MANGALORE","Media / Journalism, Consulting / Advisory",Education / Academia
83,Nanjangud,B. Harshavardhan,BJP,41,0.0,2223537.0,,Graduates,"BE (I.E.M.) Ms Ramaiah Instute of Engineering Management year 2000, PG Diploma Bharathiya Vidya Bhavan year 2007",Mysore,"Preistege manager,kandara Enterprises,bangalore",Housewife,Business / Entrepreneurship,Education / Academia
84,Sirsi,Kageri Vishweshwar Hegde,BJP,57,0.0,74618553.0,,Graduates,B.COM Karnataka colleage darawada bangalore university 1981-82,Uttara Kannada,Agriculture,Housewife,Agriculture / Farming,Education / Academia
85,Sakaleshpur,H K Kumaraswamy,JD(S),63,0.0,73728179.0,10938646.0,Postgraduates,"B.Sc From Mysore University, Year 1974, B.Ed. From Hassan, Hasanambha College, LLB Mysore University Year 1980",Hassan,Agriculture and MLA,Housewife and Business,"Agriculture / Farming, Politics / Public Service",Business / Entrepreneurship
86,Sagar,H Halappa Harathalu,BJP,57,1.0,43202494.0,7550495.0,Graduates,"B.Com From Sagara L.B.S.C College, Sagara Year 1983 84",Shimoga,Agriculture,Agriculture and Commercial,Agriculture / Farming,"Business / Entrepreneurship, Agriculture / Farming"
87,Ramanagaram,H.D.Kumaraswamy,JD(S),59,8.0,1671408437.0,1049412330.0,Graduates,"B.Sc. from National College, Jayanagar Bangalore University Year 1978-79",Ramanagaram,Public Servant Agriculturist,"Entreprenur, Carrying on Business of Petrol and Petroleum Product under the name of Style of Nikhil Co and Business of Movie Production under the name and Style of Channambika Films Director in Kasthuri Medias Pvt Ltd","Politics / Public Service, Agriculture / Farming",Business / Entrepreneurship
88,Holenarasipur,H D Revanna,JD(S),60,0.0,297051951.0,55396351.0,Secondary Education,"Matriculation from Govt. High School, Chakenahalli, Hale Kote Hobli, Holenarsipura Year 1973-74",Hassan,"Agriculturist, Public Servant","House wife, Social Activist","Politics / Public Service, Agriculture / Farming",Social Work / Activism
89,Virajpet,K G Bopaiah,BJP,65,1.0,42682329.0,1535783.0,Postgraduates,"B Sc, From-Govt.College ,Madikeri,Mysore University .Year-1973. LLB -From B.M.S Law College, Year-1980",Kodagu,Agriculturist,"Principal,Govt. Sports School",Agriculture / Farming,"Education / Academia, Sports / Athletics"
90,Turuvekere,Jayaram A S,BJP,50,0.0,335112912.0,94378900.0,Secondary Education,"Shree Pragathipara Vidyavardaka high school, Mavinahalli. yr 1986",Tumkur,Agriculture and Industrialist,Agriculture and Industrialist,"Agriculture / Farming, Engineering / Technology","Agriculture / Farming, Engineering / Technology"
91,Channagiri,K Madalu Virupakshappa,BJP,70,1.0,57305811.0,,Graduates,"BA, Sahyadri collage, Shivmoga. 1973",Davangere,Agriculture,House Wife,Agriculture / Farming,Cound't Classify
92,Kundapura,Halady Srinivas Shetty,BJP,67,0.0,28033590.0,62042836.0,Graduates,"B SC ,MGM College ,Udupi .Year-1974-75",Udupi,Not Given,Not Given,Cound't Classify,Cound't Classify
93,Channapatna,H D Kumara Swamy,JD(S),59,8.0,1671408437.0,1049412330.0,Graduates,"B.Sc. from National College, Jayanagar Bangalore University Year 1978-79",Ramanagaram,Public Servant Agriculturist,"Entrepreneur, Carrying on Business of Petrol and Petroleum Product under the name of Style of Nikhil Co and Business of Movie Production under the name and Style of Channambika Films Director in Kasthuri Medias Pvt Ltd","Politics / Public Service, Agriculture / Farming","Business / Entrepreneurship, Arts / Entertainment"
94,Shimoga Rural,K.B. Ashok Naik,BJP,51,0.0,76302278.0,5063944.0,Postgraduates,"M.Sc FROM MYSORE UNIVERSITY IN1992, B.Ed FROM KUVEMPU UNIVERSITY IN 1999",Shimoga,Business and Social work,Business and house wife,"Business / Entrepreneurship, Social Work / Activism",Business / Entrepreneurship
95,Hubli-Dharwad Central,Jagadish Shettar,BJP,62,0.0,122635305.0,21546884.0,Postgraduates,LLB From J.S.S Law College Hubli 1980,Dharwad,Lawyer Politican Krishna,house wife and Agriculture,"Law / Judiciary, Politics / Public Service",Agriculture / Farming
96,Chintamani,J K Krishna Reddy,JD(S),51,0.0,406551143.0,2000000.0,Secondary Education,SSLC From Govt. High School Vartur,Chikkaballapur,Agricultural Business,House Wife Business,"Agriculture / Farming, Business / Entrepreneurship",Business / Entrepreneurship
97,Kampli,J N Ganesh,INC,39,0.0,27259550.0,360000.0,Graduates,"B.A.Incomplete, Vijayanagar Mahavidyalaya, Hosapete. 2003-04",Bellary,Business and Agriculture,Housewife,"Business / Entrepreneurship, Agriculture / Farming",Education / Academia
98,Mulbagal,H.Nagesh,IND,60,0.0,110972198.0,26783527.0,Diploma Holders,B.E in Electronics from U.V.C.E College Year 1982,Kolar,KPTCL,Commercial Business,Unknown,Business / Entrepreneurship
99,Chiknayakanhalli,J.C. Madhu Swamy,BJP,65,1.0,41399473.0,11269455.0,Postgraduates,"7 th,10th,puc inrenukcharya colloge,bsc,MA in mysore univercity ,LLB law coilleg in thumkur",Tumkur,farmer,house wife,Agriculture / Farming,Not Given
100,Kadur,K S Prakash,BJP,53,0.0,15034000.0,4503544.0,Postgraduates,"1)B.E IN JMIT VIDYASAMSTHE CHITRADURGA PASSED IN THE YEAR 1993,2)LLB AT SJRC VIDYASAMSTHE BENGALURU PASSED IN THE YEAR 1999",Chikmagalur,SELF LAWYER AND AGRICULTURIST,HOUSE WIFE AND LIC AGENT,"Law / Judiciary, Agriculture / Farming","Not Given, Banking / Finance"
101,Shimoga,K.S. Eshwarappa,BJP,70,5.0,103148136.0,20344184.0,Graduates,"B.COM , COLLEGE NAME- ACHARYA TULASI NATIONAL COMMERCIAL COLLEGE,SHIVAMOGGA UNIVERSITY- MYSORE UNIVERSITY, YEAR-1971-72",Shimoga,BUSINESS AND VENTURE,BUSINESS AND VENTURE,Business / Entrepreneurship,Business / Entrepreneurship
102,Udupi,K Raghupathi Bhat,BJP,49,0.0,183509878.0,108273889.0,Postgraduates,MA in Political Science from Karnataka State Open University in 2006,Udupi,Business,House wife,Business / Entrepreneurship,Not Given
103,Arsikere,K.M Shivalinge Gowda,JD(S),60,0.0,16800290.0,500000.0,Graduates,B A GOVERNMENT ARTS COLLEGE HASSAN MYSORE UNIVERSITY 1980,Hassan,"SOCIAL WORKER,AGRICULTRIST,LAW MAKERS",AGRICULTRIST,"Agriculture / Farming, Social Work / Activism, Law Enforcement / Security",Agriculture / Farming
104,Malur,K.Y. Nanjegowda,INC,56,1.0,265234954.0,394910065.0,Secondary Education,9th Standard from Tekal Government High School in 1981,Kolar,Building Stone Quarry and crusher Business and Agriculture,House maker,"Agriculture / Farming, Construction / Real Estate",Not Given
105,Belur,Lingesha. K.S.,JD(S),59,0.0,37178344.0,2640355.0,Postgraduates,M. A Graduate,Hassan,Agriculturist,High School Teacher,Agriculture / Farming,Education / Academia
106,Mahalakshmi Layout,K. Gopalaiah,JD(S),57,0.0,107829135.0,53085427.0,Graduates,BSC From Bangalore University In 1982,B.B.M.P(North),Politics Social Service,"House wife,Business,Agriculture and Social Service","Politics / Public Service, Social Work / Activism","Business / Entrepreneurship, Agriculture / Farming, Social Work / Activism"
107,Kolar,K.Srinivasa Gowda,JD(S),71,1.0,88553676.0,,Graduates,"B.Sc. from Govt. College, Kolar, Mysuru University in 1968-69",Kolar,Agriculture and Business,House wife (Homemaker),"Agriculture / Farming, Business / Entrepreneurship",Not Given
108,Hiriyur,K Poornima,BJP,42,0.0,957035161.0,105596930.0,Postgraduates,MA (Sociology) from Bangalore University Year 2003,Chitradurga,Educationist,Educationist,Education / Academia,Education / Academia
109,Ron,Kalakappa Bandi,BJP,49,0.0,237904762.0,123675576.0,Technical/Professional Courses,RASTRABHASHA PRAVEEN POORVARDA DAKSHIN BHARAT HINDI PRACHARA SABHA MADRAS,Gadag,AGRICULTURE AND BUSINESS AND SOCIAL SERVICE,AGRICULTURE AND SOCIAL SERVICE,"Business / Entrepreneurship, Agriculture / Farming, Social Work / Activism","Agriculture / Farming, Social Work / Activism"
110,Srinivaspur,K R Ramesh Kumar,INC,68,0.0,139216663.0,22961049.0,Graduates,"B.Sc From Government Arts Science College Bangalore, Bangalore University In 1970-71",Kolar,Agricultural,House Wife,Agriculture / Farming,Cound't Classify
111,Gulbarga Uttar,Kaneez Fatima,INC,58,0.0,173654000.0,1117800.0,Graduates,Pre University studied at Nampally Junior College Hyderabad,Gulbarga,Business and Educationist,Not Given,"Business / Entrepreneurship, Education / Academia",Cound't Classify
112,Periyapatna,K. Mahadeva,JD(S),63,0.0,160731213.0,684368.0,Unknown,Unknown,Mysore,agriculture and Business,House wife and Business,"Business / Entrepreneurship, Agriculture / Farming","Business / Entrepreneurship, Not Given"
113,Byatarayanapura,Krishna Byregowda,INC,45,0.0,124848680.0,17177519.0,Postgraduates,"MA in international affairs american university Washington DC ,USA in the year 1999 BBM in Christ College , Bangalore in the year 1994",Bangalore Urban,Agriculture,"Senior Consultant CJI information System ltd,.",Agriculture / Farming,Consulting / Advisory
114,Sarvagnanagar,K.J George,INC,68,0.0,803782475.0,480874477.0,Secondary Education,"BA Not completed from Mysore University Year 1969-70, Intermediate from Govt Junior College Ponampet Year 1966-67, High School from Govt Junior College Ponampet Year 1964-65",B.B.M.P(North),Business,Business,Business / Entrepreneurship,Business / Entrepreneurship
115,Belgaum Rural,Laxmi R Hebbalkar,INC,43,6.0,287932275.0,,Postgraduates,Master of Arts (Political Science) From Mysore University In 2002,Belgaum,"Social service, Agriculture Business, Presently Director of Harsha Sugars ltd.,",Agriculture,"Agriculture / Farming, Social Work / Activism, Business / Entrepreneurship",Agriculture / Farming
116,Mayakonda,N. Linganna.,BJP,65,0.0,64420805.0,5932630.0,Postgraduates,"MA-Mangalagangothri,Mysore Manasagangothri University, Year 1979",Davangere,Agriculturalist and Social worker,Housewife and Social Worker,"Agriculture / Farming, Social Work / Activism","Social Work / Activism, Not Given"
117,Chamaraja,L. Nagendra,BJP,53,0.0,46390986.0,30003243.0,Secondary Education,9th oxford high school JLB Road mysore 1979-80,Mysore,Businessman,Housewife,Business / Entrepreneurship,Education / Academia
118,Kapu,Lalaji .R. Mendon,BJP,58,0.0,29437263.0,29418365.0,Graduates,B COM FROM PURNA PRADNYA SANDHYA COLLEGE UDUPI MANGALORE UNIVERSITY In -1982-83,Udupi,Business,Business,Business / Entrepreneurship,Business / Entrepreneurship
119,Bailhongal,Koujalagi. Mahantesh. Shivanand.,INC,47,0.0,69225044.0,3280224.0,Postgraduates,"LLB (Spl) from Karnataka University Law College, Karnataka University Dharwad Year 2002, B.Com from K R CE Society B M P Commerce College Bailhongal, Karnataka University Dharwad Year 1998",Belgaum,Advocate anf Agriculturist,Dairy,"Law / Judiciary, Agriculture / Farming",Medicine / Healthcare
120,Honnali,M P Renukacharya,BJP,57,4.0,46320844.0,5875348.0,Higher Secondary Education,PUC sayaedri collage shimoga in 1987-88,Davangere,Business,LIC Govt employee,Business / Entrepreneurship,"Politics / Public Service, Banking / Finance"
121,Holalkere,M. Chandrappa,BJP,66,0.0,93951852.0,,Graduates,B.A IN YEAR 1978-79,Chitradurga,AGRICULTURIST,HOUSE WIFE,Agriculture / Farming,Not Given
122,Afzalpur,M Y Patil,INC,77,0.0,21458944.0,4584591.0,Graduates,"B.A FROM KARNATAKA UNIVERSITY, DHARWARD YEAR 1964",Gulbarga,AGRICULTURAL AND SOCIAL WORK,HOUSEHOLD DUTIES,"Agriculture / Farming, Social Work / Activism",Not Given
123,Siruguppa,M.S. Somalingappa,BJP,58,3.0,24338880.0,865304.0,Higher Secondary Education,"1st PU Fail, VKJJ Collage, PU board, Bangalore",Bellary,Agriculture,Agriculture and Housewife,Agriculture / Farming,Agriculture / Farming
124,Vijay Nagar,M. Krishnappa,INC,66,2.0,2361792635.0,664559508.0,Graduates,Bachelor of Science from Sri jagadguru Renukacharya College Bangalore University in 1973,B.B.M.P(South),Business Agriculturist,Business Agriculturist,"Business / Entrepreneurship, Agriculture / Farming","Business / Entrepreneurship, Agriculture / Farming"
125,Bangalore South,M Krishnappa,BJP,55,0.0,819461682.0,138154431.0,Secondary Education,"SSLC,JSS school",Bangalore Urban,Legislature and social service,Industrialist,"Politics / Public Service, Social Work / Activism",Business / Entrepreneurship
126,Madhugiri,M.V. Veerabhadraiah,JD(S),63,0.0,373924939.0,216824192.0,Graduates,Has done Bachelors degree in political science from Bangalore University in 1976-78.,Tumkur,Retired Govt. employee,Homemaker,Politics / Public Service,Not Given
127,Sindgi,Managuli Mallappa Channaveerappa,JD(S),82,0.0,67370015.0,8803986.0,Secondary Education,SSLC HG high school sindgi year 1956,Bijapur,"Social worker,Agriculture,Business",Agriculture Business,"Social Work / Activism, Agriculture / Farming, Business / Entrepreneurship","Agriculture / Farming, Business / Entrepreneurship"
128,Ramdurg,Mahadevappa Shivalingappa Yadawad,BJP,65,0.0,31634861.0,6211280.0,Secondary Education,7th Pass From Bhatakurki Govrnament School 1966,Belgaum,Agriculture,House Wife,Agriculture / Farming,Cound't Classify
129,Babaleshwar,Mallanagoud Basanagoud Patil,INC,53,0.0,1048905747.0,457789220.0,Graduates,"Completed B.E(Civil Engineering) in B. L. D. E Organisation, V.P.D.P.G Halakatti College Of Engineering and Technology, vijayapura, 'Karnataka University, Dharwad'.(1990)",Bijapur,Agriculturist,Housewife and Agriculturist,Agriculture / Farming,Agriculture / Farming
130,Mandya,M Srinivas,JD(S),69,1.0,28726116.0,1027067.0,Graduates,"L.L.B From Mysore University Year 1974, B.S.C From Mysore University Year 1974",Mandya,Lawyer,House wife and Lawyer,Law / Judiciary,"Law / Judiciary, Not Given"
131,Dasarahalli,R.Manjunatha,JD(S),59,0.0,266066219.0,41863525.0,Secondary Education,"10th Class,Kanasavadi School,Madurae hobli,Doddabalapur dist.Bang. Dist. year 1975",Bangalore Urban,Self Employment and Buisness,Housewife,Business / Entrepreneurship,Education / Academia
132,Gauribidanur,N.H.Shivashankara Reddy,INC,64,0.0,175177376.0,38454576.0,Postgraduates,"SSLC in 1968, PUC in 1970, BSC in Agriculturist vishvwavidhyalaya, Dharward in 1973",Chikkaballapur,Agriculturist,House Wife,Agriculture / Farming,Cound't Classify
133,Shanti Nagar,N A Haris,INC,51,0.0,1902486142.0,92089951.0,Postgraduates,Master of Arts in History from Karnataka State Open University Year 2005,B.B.M.P(Central),"Managing Director, Nalapad Group of Companies",House wife,Business / Entrepreneurship,Not Given
134,Bilgi,Murugesh Rudrappa Nirani,BJP,52,2.0,524849089.0,238347616.0,Graduates,"Bachelor of Engineering from B.V.B Engineering College Hubli, Dist.Dharwad,Year-1987, Karnataka University,Dharwad, P.U.C from RMG Junior College Mudhol Dist Bagalkot in the year 1982(PU Board Bengaluru,Karnataka)",Bagalkot,Employment Service,Employement Service,Consulting / Advisory,Consulting / Advisory
135,Kollegal,N. Mahesh,BSP,62,1.0,7566426.0,,Graduates,M A GNANA BHARATHI BANGALORE UNIVERSITY 1981,Chamarajnagar,RETIRED ASSISTANT DIRECTOR OF MINORITY AND BACKWARD CLASSES AND SOCIAL WORKER,"A.J.M OFFICER, KARNATAKA SAHAKARI APEX BANK BANGALORE","Social Work / Activism, Politics / Public Service",Banking / Finance
136,Kudligi,N.Y. Gopalakrishna,BJP,68,0.0,46542876.0,,Postgraduates,"M.B.A., Mysore University. 1975-76",Bellary,Social Worker and Agriculture,Housewife,"Social Work / Activism, Agriculture / Farming",Education / Academia
137,Rajarajeshwarinagar,Munirathna,INC,54,3.0,437187506.0,256574353.0,Secondary Education,"SSLC From Corporation High School, Kodandaramapuram, Malleshwaram Bangalore In 1981",B.B.M.P(Central),Business,House Wife,Business / Entrepreneurship,Cound't Classify
138,Mudigere,M.P.Kumaraswamy,BJP,55,4.0,10616700.0,1515522.0,Graduates,"Mysore University,batch-1992",Chikmagalur,"Agriculturist ,Business",Irrigation,"Business / Entrepreneurship, Agriculture / Farming",Agriculture / Farming
139,Hosakote,N Nagaraju (M.T.B),INC,66,1.0,10158029352.0,279531565.0,Secondary Education,IX Standard from ITI Vidhyamandir Year 1965-66,Bangalore Rural,Agriculturist and Business,House wife,"Business / Entrepreneurship, Agriculture / Farming",Not Given
140,Haveri,Neharu Olekar,BJP,61,5.0,53502363.0,730869.0,Postgraduates,"M.A. Political Science From Karnataka University, Dharavad 1984-85",Haveri,Agriculture,Housewife,Agriculture / Farming,Education / Academia
141,Gangawati,Paranna Eshwarappa Munavalli,BJP,64,1.0,110738229.0,27154994.0,Graduates,"B.Sc. From Karnataka University Dharwad, Year-1975, PUC From PUC Board Bangalore",Koppal,BUSINESSMAN AND TENACITY,HOUSE WIFE,Business / Entrepreneurship,Not Given
142,Krishnarajpet,Narayanagowda,JD(S),55,0.0,116301665.0,5689434.0,Unknown,Unknown,Mandya,Business,House wife,Business / Entrepreneurship,Not Given
143,Maski,Pratapgouda Patil,INC,63,0.0,49269393.0,3861295.0,Graduates,BACHELORS OF ARTS FROM KARNATAKA UNIVERSITY DHARWAD IN YEAR 1980-81,Raichur,AGRICULTURE,HOUSE WIFE,Agriculture / Farming,Not Given
144,Gurmitkal,Nagangouda Kandkur,JD(S),72,2.0,23847435.0,5545562.0,Graduates,"B A Graduate Karnatak University Darwad, Year-1972-73",Yadgir,Social Work and Agriculture,House wife,"Social Work / Activism, Agriculture / Farming",Not Given
145,Shorapur,Narasimhanayak (Rajugouda),BJP,39,0.0,84590840.0,,Higher Secondary Education,PUC in Vijaya College Kalburgi in Year 1997,Yadgir,Politics And Social Work,Housewife,"Politics / Public Service, Social Work / Activism",Education / Academia
146,Kudachi,P.Rajeev,BJP,41,2.0,10860392.0,,Graduates,"B.sc IN SCIENCE UNIVERSITY OF KARNATAKA ,BATCH- 2001",Belgaum,MLA OF KUDACHI,HOUSEWIFE,Politics / Public Service,Not Given
147,Hassan,Preetham J Gowda,BJP,37,1.0,194469913.0,49145205.0,Postgraduates,Bachelor Of Engineering (Computer Science) From Malnad College of Engineering Under The Visvesvaraya Technological University Belagavi In 2013,Hassan,Business,Business,Business / Entrepreneurship,Business / Entrepreneurship
148,Devanahalli,Narayanaswamy L N,JD(S),49,0.0,1471181720.0,184041833.0,Primary Education,9th Standard,Bangalore Rural,"Social Service, Developers, Agriculturist",House wife,"Social Work / Activism, Consulting / Advisory, Agriculture / Farming",Not Given
149,Hubli-Dharwad East,Abbayya Prasad,INC,49,0.0,36043872.0,6424400.0,Higher Secondary Education,PUC KARNATAKA SARKARA PRE-UNIVERSITY COLLEGE DEPARTMENT 1988,Dharwad,CONSULTANT PROFESSION,COACHING CLASSES,Consulting / Advisory,Arts / Entertainment
150,Padmanaba Nagar,R Ashoka,BJP,60,0.0,406255521.0,29323671.0,Graduates,B.Sc. VV Puram College Of Science Banglore University 1979-80,B.B.M.P(South),"Agriculrist, Public Servant .","Agriculrist,","Agriculture / Farming, Politics / Public Service",Agriculture / Farming
151,Chittapur,Priyank Kharge,INC,39,0.0,146295921.0,6964525.0,Graduates,"PUC from MES College, Malleswaram in 1996 to 1998, Certified Professional in computer Arts Animation in 1999",Gulbarga,Business,Business,Business / Entrepreneurship,Business / Entrepreneurship
152,Pulakeshinagar,R. Akhanda Srinivasamurthy,INC,50,0.0,201695000.0,,Higher Secondary Education,"Has completed PUC in Sheshadripuram Junior College, Bengaluru(1984-85).",B.B.M.P(North),EX Lawmaker and Social worker.,"BBMP Ex Member ward no.48, Muneshwara nagar, Bengaluru.","Sports / Athletics, Social Work / Activism",Politics / Public Service
153,Hanur,R Narendra,INC,60,0.0,117376161.0,8525125.0,Postgraduates,M.A FROM MYSORE UNIVERSITY YEAR 1984,Chamarajnagar,AGRICULTURIST,AGRICULTURE,Agriculture / Farming,Agriculture / Farming
154,Aurad,Prabhu Chauhan,BJP,49,0.0,100800396.0,13691838.0,Secondary Education,12th from Ashrama School Shilavani Border Thanda,Bidar,Prabhu Enterprises Kalava,Housewife,Not Given,Education / Academia
155,Ranibennur,R Shankar S O M Ramachandra,KPJP,53,0.0,2653377710.0,534666082.0,Secondary Education,"SSLC, Jyothi High school 1980-81",Haveri,Business,House wife,Business / Entrepreneurship,Not Given
156,Hadagalli,P. T. Parameshwara Naik,INC,54,1.0,137098919.0,48022350.0,Higher Secondary Education,"PUC From ARG College, Davanagere, Year 1982-84",Bellary,Agriculture,Agriculture,Agriculture / Farming,Agriculture / Farming
157,Shivajinagar,R Roshan Baig,INC,64,1.0,362328889.0,175803600.0,Graduates,"B.Com from R C College, Bangalore, Bangalore University in 1975",B.B.M.P(Central),Social Worker,House Wife,Social Work / Activism,Cound't Classify
158,Koppal,K. Raghavendra Basavaraj Hitnal,INC,39,0.0,37872420.0,21589358.0,Higher Secondary Education,puc jss collage Darvad,Koppal,Agriculture Business,House wife,"Agriculture / Farming, Business / Entrepreneurship",Not Given
159,Bidar,Rahim Khan,INC,52,0.0,129048323.0,42569374.0,Higher Secondary Education,"PUC II year (Science) from Department of Pre-University Education, Bangalore (Board), Govt. Junior College, Bidar in 1985",Bidar,"Social Worker, Educationlist Agirculture","Spouse 1 - House Wife Agriculture, Spouse 2 - Business Agriculture","Education / Academia, Social Work / Activism, Agriculture / Farming","Business / Entrepreneurship, Agriculture / Farming, Not Given"
160,Manvi,Raja Venkatappa Nayak,JD(S),46,0.0,17790378.0,4391715.0,Graduates,BA 1993 Bangalore University Bangalore,Raichur,agricultiure and social service,House Wife,"Agriculture / Farming, Social Work / Activism",Cound't Classify
161,Sedam,Rajkumar Patil,BJP,43,5.0,106959242.0,10200000.0,Graduates,"BA ,From -Nrupatunga Maha College ,Sedam ,Year -1997",Gulbarga,Agriculturalist and Buisnes,Business,"Agriculture / Farming, Business / Entrepreneurship",Business / Entrepreneurship
162,Kolar Gold Field,Roopakala.M,INC,38,2.0,88050000.0,54100000.0,Postgraduates,MA in Karnataka State Open University,Kolar,Social Service and Business,Government Service,"Social Work / Activism, Business / Entrepreneurship",Politics / Public Service
163,Humnabad,Rajshekhar,INC,54,0.0,128590642.0,8708315.0,Higher Secondary Education,PUC from Govt. PU college (boys) Humanabad in 1982 83,Bidar,Agriculture and social worker and Self Business,house wife,"Agriculture / Farming, Social Work / Activism, Business / Entrepreneurship",Not Given
164,Karwar,Roopali Santosh Naik,BJP,45,1.0,43527042.0,8253894.0,Secondary Education,"SSLC from The Popular New English School,Chendiye, Karwar 1988-89",Uttara Kannada,Logistical Support Service,Works Contract Services,Transportation / Logistics,Unknown
165,Basavanagudi,Ravisubramanya.L.A,BJP,60,0.0,61830750.0,29860547.0,Postgraduates,"M.B.A. From CSM Institute Of Graduate Studies 2004 ,B.A. From Banglore University In 1984",B.B.M.P(South),"Member Of Karnatka Legislative Assembly Salary ,Interest Income On deposit Agriculture Income",Runing Education Institute Intrest On deposit,"Politics / Public Service, Banking / Finance, Agriculture / Farming","Education / Academia, Banking / Finance"
166,Shirahatti,Ramappa Sobeppa Lamani,BJP,66,0.0,21040522.0,277402.0,Primary Education,"4th standard in Govt High School, Kundralli, Shirahatti Taluk, Gadag Dist.",Gadag,Agriculturist and social worker,House Wife,"Agriculture / Farming, Social Work / Activism",Cound't Classify
167,B.T.M.Layout,Ramalinga Reddy,INC,65,0.0,666153408.0,183370325.0,Graduates,B.Sc From Govt. Science College Bangalore University In 1975,B.B.M.P(South),"MLA, Home Minister, Govt. of Karnataka Business",Business,"Politics / Public Service, Business / Entrepreneurship",Business / Entrepreneurship
168,Gokak,Jarkiholi Ramesh Laxmanrao,INC,58,1.0,1227933752.0,464951904.0,Graduates,"BA Ist Year from JSS College Gokak, Karnataka University Dharwad in the Year 1981",Belgaum,"Salary, Business Agriculture",House wife Agriculture,Business / Entrepreneurship,"Agriculture / Farming, Not Given"
169,Kunigal,Dr H.D. Ranganath,INC,46,1.0,300348933.0,70444425.0,Postgraduates,"M.S. (Ortho) from JSS Medical College, Mysore Year 1998 to 2001",Tumkur,Doctor,Doctor,Medicine / Healthcare,Medicine / Healthcare
170,Harihar,S Ramappa,INC,59,0.0,19065890.0,21464606.0,Unknown,Unknown,Davangere,BUSINESS AND FARMING,HOUSE WIFE,"Business / Entrepreneurship, Agriculture / Farming",Not Given
171,Rajaji Nagar,S Suresh Kumar,BJP,62,0.0,35841660.0,,Graduates,B.Sc. L.L.B Benguluru University 1980,B.B.M.P(Central),"MLA ,RAJAJINAGAR",Freelance Journalist,Politics / Public Service,Media / Journalism
172,Bangarapet,S.N.Narayanaswamy K.M,INC,50,0.0,159650798.0,16686463.0,Secondary Education,"SSLC from Govt. Boys Junior College, Bangarpet",Kolar,Business Agricultural,"House wife, Business Agricultural","Business / Entrepreneurship, Agriculture / Farming","Business / Entrepreneurship, Agriculture / Farming, Arts / Entertainment"
173,Davanagere North,S.A. Ravindranath,BJP,72,11.0,87801538.0,8708849.0,Higher Secondary Education,"Mothi veerappa Govt high school Davanagere in 1962-63, PUC from Moti Virappa Junior College Davanagere 1963-64-65",Davangere,Agriculture and social worker,house wife,"Agriculture / Farming, Social Work / Activism",Not Given
174,Yelahanka,S.R.Vishwanath,BJP,56,0.0,431160164.0,16262014.0,Technical/Professional Courses,"I.T.I and S.V.C B.E.M.L from M.S Jairam Institute of Technology, Bangalore Year 1983",Bangalore Urban,"Agriculture,Social Service and MLA","Agriculture, Business and Socal Service","Agriculture / Farming, Social Work / Activism, Politics / Public Service","Agriculture / Farming, Business / Entrepreneurship, Social Work / Activism"
175,Krishnaraja,S A Ramadas,BJP,61,3.0,3969351.0,,Graduates,Bachelor of Arts from Mysore University in 76-77,Mysore,Social Service,Not Given,Social Work / Activism,Cound't Classify
176,Krishnarajanagara,Sa. Ra. Mahesh,JD(S),52,0.0,438108868.0,142869554.0,Graduates,"Bsc,Mysore University,1989",Mysore,Agriculture and Business,Agriculture and Business,"Agriculture / Farming, Business / Entrepreneurship","Agriculture / Farming, Business / Entrepreneurship"
177,Gubbi,S R Srinivas (Vasu),JD(S),56,0.0,55842795.0,15733895.0,Graduates,"Primary school MH village ,high school chidabara ashrama 1979-1980,PUC nijalingappa colleg ,BA gvt college tumkur",Tumkur,Farming and business,home maker,"Agriculture / Farming, Business / Entrepreneurship",Not Given
178,Bantval,Rajesh Naik U.,BJP,59,1.0,215387804.0,63176074.0,Higher Secondary Education,"PUC- St.Ellocious JR College Mangalore Dergee J.S.S College ,Mysore In year 1976-1978",Dakshina Kannada,AGRICULTURE AND BUSINESS,AGRICULTURE,"Agriculture / Farming, Business / Entrepreneurship",Agriculture / Farming
179,Jagalur,S.V.Ramachandra,BJP,60,0.0,104266352.0,26073617.0,Higher Secondary Education,"SSLC in GOvt Boys,Davanagare ear1975 And 1st PUC in Davanagare Year 1977",Davangere,"Buisness,social Worker And Agricultarist",Housewife,"Business / Entrepreneurship, Social Work / Activism, Agriculture / Farming",Education / Academia
180,Bommanahalli,Sathish Reddy M,BJP,45,0.0,870008728.0,135544618.0,Secondary Education,"Completed 10th Standard in R. S. H. S. High School, Madivala, Bangalore, 1986-1987.",B.B.M.P(South),"Social Worker and Director of M. S, Shelters Private Limited and Partners of M.S, South West Ventures.","Director of M. S, Shelters Private Limited and Director of M. S. R, Hospitality Services Private Limited, and Director of M. S. Infra Works India Private Limited.","Social Work / Activism, Business / Entrepreneurship",Business / Entrepreneurship
181,Shahapur,Sharanabasappa Gouda Darshanapur,INC,58,0.0,63274991.0,12500000.0,Graduates,"BE ,HKI Society Gulbargha",Yadgir,agriculturist,private job,Agriculture / Farming,Cound't Classify
182,Davanagere South,Shamanur Shivashankarappa,INC,86,1.0,1832267262.0,634711338.0,Higher Secondary Education,"Intermediate from DRM Science College, Davangere Year 1951, SSLC from Govt. High School, Davangere Year 1949",Davangere,Industrialist and Businessman,Not Given,Business / Entrepreneurship,Cound't Classify
183,Bagepalli,S.N. Subbareddy(Chinnakayalapalli),INC,52,0.0,1575719617.0,313176868.0,Secondary Education,"SSLC from Govt High School Gulur Bagepalli Taluk Year 1983, TCH from Venkatesh TCH Training College, Marathahalli Bangalore Year 1986",Chikkaballapur,Hotel Business,Hotel Business,Hospitality / Tourism,Hospitality / Tourism
184,Sorab,S.Kumara Bangarappa,BJP,55,0.0,276801920.0,11236012.0,Graduates,"BA ,Bangalore University , In Year 1985",Shimoga,Business,Business,Business / Entrepreneurship,Business / Entrepreneurship
185,C.V. Raman Nagar,S. Raghu,BJP,48,0.0,317602361.0,5500000.0,Postgraduates,"Bachelor of Civil Engineer (BE) from Dayananda Sagar College, Bangalore University, Bangalore Year 1995, Diploma in Civil Engineering from Acharya Pata Shala at Bangalore in 1990",B.B.M.P(North),"Businessman, Social Services-MLA",House wife,"Business / Entrepreneurship, Social Work / Activism",Not Given
186,Puttur,Sanjeeva Matandoor,BJP,53,2.0,8969094.0,3084134.0,Graduates,"B.COM GRADUATE , FROM VIVEKANANDA UNIVERSITY, PUTTUR , UNIVERSITY-MANGALORE UNIVERSITY, YEAR-1983",Dakshina Kannada,AGRICULTURIST,HOUSE WIFE,Agriculture / Farming,Not Given
187,Yeshvanthapura,S.T Somashekhar,INC,60,0.0,141599587.0,12420000.0,Graduates,Bsc Govt.science college bengaluru,Bangalore Urban,"Private Buss business ,and buildings",housewife,"Business / Entrepreneurship, Construction / Real Estate",Not Given
188,Yemkanmardi,Satish. L. Jarkiholi,INC,56,0.0,425114222.0,113301242.0,Higher Secondary Education,"SSLC Education from govt P.U College Gokak in the year April 1978, P.U.C from J.S.S. Arts, Science Commerce College Gokak in the Year 1981",Belgaum,Agriculture and Business,Agriculture and Business,"Agriculture / Farming, Business / Entrepreneurship","Agriculture / Farming, Business / Entrepreneurship"
189,Nippani,Jolle Shashikala Annasaheb,BJP,49,1.0,344876993.0,169184250.0,Secondary Education,SSLC from High School Ghataprabha Year 1985,Belgaum,Business Agriculture,Business Agriculture,"Business / Entrepreneurship, Agriculture / Farming","Business / Entrepreneurship, Agriculture / Farming"
190,Basavana Bagevadi,Shivanand Patil,INC,56,0.0,144016624.0,31919726.0,Diploma Holders,"Diploma in Pharmacy from Kle's J N Medical College, Belgaum in 1981",Bijapur,Medical Business Agriculture,Private Job Agriculture,"Business / Entrepreneurship, Medicine / Healthcare, Agriculture / Farming",Agriculture / Farming
191,Devadurga,Shivana Gouda Nayak,BJP,41,3.0,106746422.0,46125000.0,Higher Secondary Education,SSLC From Govt High School Kustagi In 1994 First PU From Govt. College Devadurga In 1995,Raichur,Agriculture Present MLA,House Wife,"Agriculture / Farming, Politics / Public Service, Not Given",Cound't Classify
192,Jayanagar,Sowmya R,INC,35,0.0,5489064.0,560645.0,Diploma Holders,"B.E in Chemical, R.V College of Engg, Vishveshvaraya Technical University, Belgaum Passed Yr 2006",B.B.M.P(South),Environmentalist Social Worker,Lead Investigator -People for ethical treatment of animals - PETA,"Environmental Conservation, Social Work / Activism",Social Work / Activism
193,Jamkhandi,Siddu Bhimappa Nyamgoud,INC,69,1.0,97342544.0,,Graduates,"B.Sc.-2 From Karnataka University, Dharwad, Year-1969",Bagalkot,Agriculture Director of Jamakandi Sugars Ltd.,House Wife LPG Indian Oil Corporation Distributor,Agriculture / Farming,Hospitality / Tourism
194,Aland,Guttedar Subhash Rukmayya,BJP,66,0.0,64654717.0,13984756.0,Secondary Education,"S S L C from S V V High School, Tadkal",Gulbarga,Social Worker Agriculture,Business,"Social Work / Activism, Agriculture / Farming",Business / Entrepreneurship
195,Badami,Siddaramaiah,INC,69,0.0,203654358.0,48632239.0,Graduates,"L.L.B Sharda Vilas Law College, Mysore 1972",Bagalkot,Polltician,House wife,Politics / Public Service,Not Given
196,Terdal,Siddu Savadi,BJP,59,0.0,63308781.0,1687258.0,Secondary Education,"SSLC from Sri, Prabhulingeshwar High School Terdal in 1976",Bagalkot,Agriculturist at Present MLA Government of Karnataka,House Wife Business,"Agriculture / Farming, Politics / Public Service",Business / Entrepreneurship
197,Navalgund,Shankar B. Patil Munenakoppa,BJP,49,0.0,118504695.0,22295112.0,Higher Secondary Education,PUC,Dharwad,bus and commercial business,commercial business,"Transportation / Logistics, Business / Entrepreneurship",Business / Entrepreneurship
198,Kagwad,Shrimant Balasaheb Patil,INC,63,1.0,525981520.0,159103058.0,Doctorates,"College of Agriculture, Kolhapur, Mahatma phule krishi Vidyapit, Rahuri Year of pass 1974., SSLC,Shri Siddeshwara High School, Mole Karnataka Secondary Education, Bangalore Year of pass 1970",Belgaum,Business Agriculture,Agriculture,"Business / Entrepreneurship, Agriculture / Farming",Agriculture / Farming
199,Devar Hippargi,Somanagouda B Patil (Sasanur),BJP,48,0.0,48598806.0,,Graduates,B E in Civil Dr.P.G.Halakatti collage of Engineering and technology Vijapura. Karnataka University Dharavada. December 1991,Bijapur,Business in partnership Agriculture,Housewife,"Business / Entrepreneurship, Agriculture / Farming",Education / Academia
200,Challakere,T Raghumurthy,INC,55,0.0,63746595.0,144081929.0,Graduates,"B.E( civil ) from Govt B.D.T College, Davangere , Mysore University Year 1985, PUC from Govt Science College, Chitradurga Year 1981",Chitradurga,Agriculture and Social Service,House Wife and Business,"Agriculture / Farming, Social Work / Activism",Business / Entrepreneurship
201,Bhatkal,Sunil Biliya Naik,BJP,39,1.0,88361784.0,,Graduates,"Anjumaan PU collage, bhatkal march 2001",Uttara Kannada,Business,Not Given,Business / Entrepreneurship,Cound't Classify
202,Hukkeri,Umesh Vishwanath Katti,BJP,57,0.0,277855843.0,58154039.0,Higher Secondary Education,"PUC 1st Year Pass from KLE Societies R L S College, Belgaum in 1979-80",Belgaum,Agriculturist and Industrialist,House wife Agriculturist,"Agriculture / Farming, Business / Entrepreneurship","Unknown, Agriculture / Farming"
203,Chincholi,Dr. Umesh G Jadhav,INC,58,0.0,32655892.0,372641.0,Postgraduates,MS in General Surgery from Bangalore Medical College in 1991,Gulbarga,Doctor,Housewife,Medicine / Healthcare,Education / Academia
204,Hebbal,Suresh B S,INC,46,0.0,4167970876.0,416925397.0,Higher Secondary Education,"PUC (Pre University Course) from National College, Bangalore Year 991",B.B.M.P(North),Agriculturist and Land Lord,Business,Agriculture / Farming,Business / Entrepreneurship
205,Mangalore,U.T.Abdul Khader,INC,49,0.0,24716913.0,,Postgraduates,B.A In 1994 LLB In 2003 From Mangalore University S.D.M. Law College Mangalore,Dakshina Kannada,Advocate,Business,Law / Judiciary,Business / Entrepreneurship
206,Doddaballapur,T Venkataramanaiah,INC,57,0.0,189354272.0,22481700.0,Secondary Education,"SSLC in 1980 from Govt. High school Doddabelamangala Village, Doddabalapura taluk, Bangalore rural district",Bangalore Rural,Business,Business,Business / Entrepreneurship,Business / Entrepreneurship
207,Moodabidri,Umanatha. A. Kotian,BJP,58,3.0,16083941.0,4712942.0,Secondary Education,SSLC 1979 SVS HIGH SCHOOL BANTVALA,Dakshina Kannada,BUSINESS,HOUSEWIFE,Business / Entrepreneurship,Not Given
208,Narasimharaja,Tanveer Sait,INC,51,0.0,100413484.0,8334235.0,Graduates,"Bachelor of Business Management From Vidya Vardhaka College of Commerce Management, University of Mysore In 1992",Mysore,Business,Business,Business / Entrepreneurship,Business / Entrepreneurship
209,Nagamangala,Suresh Gowdaa,JD(S),54,2.0,211766700.0,41337831.0,Graduates,"B.E. from PES College, Mandya, Mysore University (1987-88)",Mandya,Agriculturist,Assistant Professor of Economics,Agriculture / Farming,"Education / Academia, Consulting / Advisory"
210,Chickpet,Uday B.Garudachar,BJP,58,0.0,1960885154.0,596992692.0,Graduates,Bachelor Of Engineering (Electronics) From Bangalore University In 1987,B.B.M.P(Central),Business,Business,Business / Entrepreneurship,Business / Entrepreneurship
211,Pavagada,Venkataramanappa,INC,69,0.0,18095560.0,8296219.0,Secondary Education,SSLC,Tumkur,Agriculture and social worker,Agriculture,"Agriculture / Farming, Social Work / Activism",Agriculture / Farming
212,Yadgir,Venkatreddy Mudnal,BJP,63,0.0,134194847.0,12021111.0,Graduates,B.COM AT GULBARAGA SB COMMERCE COLLEGE,Yadgir,AGRICULTURIST AND BUSINESS,HOUSE WIFE,"Agriculture / Farming, Business / Entrepreneurship",Not Given
213,Govindraj Nagar,V Somanna,BJP,67,1.0,529229341.0,21725189.0,Graduates,"BA IN V.V Puram Evening college, Vishweshwarapuram, Bangalore-1971-72 to 1973-74",B.B.M.P(South),"The current procedure council member, Karnataka",Agriculturist,Politics / Public Service,Agriculture / Farming
214,Sindhanur,Venkatrao Nadagouda,JD(S),61,2.0,61869813.0,,Graduates,"B.A. from LVD College, 1980",Raichur,empoyed and former counsellor,self employed,Unknown,Business / Entrepreneurship
215,Sidlaghatta,V. Muniyappa,INC,70,0.0,83191618.0,5100000.0,Graduates,B.S.E.. in Vishwavidyalaya Bangalore,Chikkaballapur,Agriculturist Business,House Wife,"Agriculture / Farming, Business / Entrepreneurship",Cound't Classify
216,Karkal,V. Sunil Kumar,BJP,42,1.0,29189224.0,,Graduates,"BE ,Kuvempu University, Nilaya in 1997",Udupi,"Agriculturist , Factory",Housewife,Agriculture / Farming,Education / Academia
217,Bagalkot,Veerabhadrayya (Veeranna) Charantimath,BJP,59,3.0,152409857.0,21656365.0,Secondary Education,"S.S.L.C. from G.B. High School, Naragund in 1974",Bagalkot,"Business Proprietor M s C.V. Charantlmath, APMC Yard, Bagalkot, Social Service",Household,"Business / Entrepreneurship, Agriculture / Farming, Social Work / Activism",Not Given
218,Byadgi,Ballary Virupakshappa Rudrappa,BJP,56,0.0,151880644.0,38566611.0,Primary Education,7 th Higher Primary School Motebennur in year 75-76,Haveri,Agriculture and Business,Agriculture,"Agriculture / Farming, Business / Entrepreneurship",Agriculture / Farming
219,Sringeri,T D Rajegowda,INC,58,0.0,210165860.0,76900000.0,Graduates,B.COM Hali mangalore universiry kundapura -1980,Chikmagalur,Landowner Ploter,Landowner Ploter,Construction / Real Estate,Construction / Real Estate
220,Indi,Yashvantharaygouda Vittalagouda Patil,INC,49,3.0,9075288.0,,Higher Secondary Education,"PUC From J.S.M College Dharwad, Year-1987",Bijapur,Social Service MLA,House Wife,Social Work / Activism,Cound't Classify
221,Saundatti Yellamma,Anand Vishwanath Chandrashekhar Mamani,BJP,53,0.0,82702311.0,8926404.0,Higher Secondary Education,PUC From S.K. Composite Pre-University College Saundatti In 1984 B.Com (Incomplete) From S.V.S. Bellubbi College Saundatti(Karnataka University) In 1958,Belgaum,"Agriculturist, Member of legislative assembly Director of BDCC Bank","Agriculturist, 1 2 sharer of shri lakshmi ginning and pressing factory","Agriculture / Farming, Politics / Public Service, Business / Entrepreneurship",Agriculture / Farming
222,Varuna,Yathindra S,INC,37,0.0,230030043.0,87973669.0,Doctorates,MBBS From Bangalore Medical College In 2005 MD From Jawaharlala Neharu Medical Colleg Belgaum In 2009,Mysore,Doctor,Not Given,Medicine / Healthcare,Cound't Classify
223,Athani,Mahesh Iranagouda Kumathalli,INC,56,,,,Unknown,Not Available,Belgaum,Not Available,Not Available,Cound't Classify,Cound't Classify
