,name,constituency,party,education,votes,uuid,age,cases,assets,liabilities,education_category,district,self_profession,spouse_profession,self_profession_category,spouse_profession_category,gender,constituency_category,total_electors,total_const_votes,candidate_voteshare_percent,const_num
0,Chimmanakatti Balappa Bhimappa,Badami,INC,Not Available,57446,DxnzLbrc,62,,,,Unknown,Bagalkot,Not Available,Not Available,Cound't Classify,Cound't Classify,M,GEN,196662,139071,41.31,23
1,S Muniraju,Dasarahalli,BJP,Not Available,57562,BsNzRJhj,55,,,,Unknown,Bangalore Urban,Not Available,Not Available,Cound't Classify,Cound't Classify,M,GEN,344606,191258,30.1,155
2,Baburao Chinchanasoor,Gurmitkal,INC,Not Available,36051,TfFiGYuj,62,,,,Unknown,Yadgir,Not Available,Not Available,Cound't Classify,Cound't Classify,M,GEN,203045,129030,27.94,39
3,Chikkamadu S,Heggadadevankote,JD(S),Not Available,48606,fGTDCga6,62,,,,Unknown,Mysore,Not Available,Not Available,Cound't Classify,Cound't Classify,M,ST,192784,148917,32.64,213
4,H.P.Rajesh,Jagalur,INC,Not Available,77805,F2TyAfMJ,47,,,,Unknown,Davangere,Not Available,Not Available,Cound't Classify,Cound't Classify,M,ST,167330,132149,58.88,103
5,Shivaraj Sangappa Tangadagi,Kanakagiri,INC,Not Available,49451,FGCr8HNW,42,,,,Unknown,Koppal,Not Available,Not Available,Cound't Classify,Cound't Classify,M,SC,183620,135446,36.51,61
6,Channabasappa Satyappa Shivalli,Kundgol,INC,Not Available,52690,byQevoCY,51,,,,Unknown,Dharwad,Not Available,Not Available,Cound't Classify,Cound't Classify,M,GEN,168831,129517,40.68,70
7,Manappa D.Vajjal,Lingsugur,JD(S),Not Available,31737,L3XCzM4e,52,,,,Unknown,Raichur,Not Available,Not Available,Cound't Classify,Cound't Classify,M,SC,197870,129580,24.49,57
8,Pratapgowda Patil,Maski,INC,Not Available,45552,cinStYhX,58,,,,Unknown,Raichur,Not Available,Not Available,Cound't Classify,Cound't Classify,M,ST,164884,105728,43.08,59
9,K.S.Puttannaiah,Melukote,SKP,Not Available,80041,fStoShay,63,,,,Unknown,Mandya,Not Available,Not Available,Cound't Classify,Cound't Classify,M,GEN,191395,160892,49.75,188
10,B.B. Ningaiah,Mudigere,JD(S),Not Available,32417,74TyXKbc,54,,,,Unknown,Chikmagalur,Not Available,Not Available,Cound't Classify,Cound't Classify,M,SC,152759,110237,29.41,124
11,Raju Alagur,Nagthan,INC,Not Available,45570,UQtnGhi3,52,,,,Unknown,Bijapur,Not Available,Not Available,Cound't Classify,Cound't Classify,M,SC,225624,140024,32.54,31
12,K.M.Thimmarayappa,Pavagada,JD(S),Not Available,68686,Z2hSKzNv,55,,,,Unknown,Tumkur,Not Available,Not Available,Cound't Classify,Cound't Classify,M,SC,186168,145380,47.25,137
13,Dr. Shivaraj Patil S.,Raichur,JD(S),Not Available,45263,gMrxCVnh,42,,,,Unknown,Raichur,Not Available,Not Available,Cound't Classify,Cound't Classify,M,GEN,184986,99286,45.59,54
14,Raja Venkatappa Nayak,Shorapur,INC,Not Available,65033,f4QDxLjG,56,,,,Unknown,Yadgir,Not Available,Not Available,Cound't Classify,Cound't Classify,M,ST,220310,146207,44.48,36
15,A.B. Ramesha Bandisiddegowda,Shrirangapattana,JD(S),Not Available,55204,mHus3wjF,47,,,,Unknown,Mandya,Not Available,Not Available,Cound't Classify,Cound't Classify,M,GEN,195314,157807,34.98,190
16,Angara.S,Sullia,BJP,CHOKKADI HIGH SCHOOL,65913,BtdoFrNZ,49,0.0,9191950.0,683124.0,Primary Education,Dakshina Kannada,Agriculturist,HOUSE WIFE,Agriculture / Farming,Not Given,M,SC,180177,146066,45.13,207
17,Aminappagouda Patil,Devar Hippargi,INC,"MSc,Year-1994",36231,apozUrUv,44,0.0,617078584.0,77500000.0,Postgraduates,Bijapur,Agriculture Business,"Housewife, Agriculture Business","Agriculture / Farming, Business / Entrepreneurship","Business / Entrepreneurship, Agriculture / Farming, Arts / Entertainment",M,GEN,178141,115245,31.44,27
18,Appachu Ranjan .M.P,Madikeri,BJP,12TH VIVEKANANDHA COLLEGE PUTTURU IN THE YEAR 1973,56696,PeSceABF,56,0.0,106509963.0,1927363.0,Higher Secondary Education,Kodagu,Agriculture,House wife,Agriculture / Farming,Not Given,M,GEN,202851,153856,36.85,208
19,A Venkatesh Naik,Devadurga,INC,Intermediate From Osmania University Hyedrabad 1956,62070,E2ypWVuL,76,0.0,18974790.0,1000000.0,Graduates,Raichur,Agriculture,House Wife,Agriculture / Farming,Cound't Classify,M,ST,182856,127422,48.71,56
20,Arbail Hebbar Shivaram,Yellapur,INC,KADATHOKA HIGH SCHOOL HONNAVAR,58025,ArthJViB,55,0.0,90206437.0,53265337.0,Primary Education,Uttara Kannada,AGRICULTURE AND BUSINESS,AGRICULTURE AND HOUSEWIFE,"Agriculture / Farming, Business / Entrepreneurship",Agriculture / Farming,M,GEN,151753,120745,48.06,81
21,Aravind Limbavali,Mahadevapura,BJP,"B.E (Civil) From BMS Engg. College, Bangalore University in 1991-92, Diploma in Civil Engg. From BVV's Polytechnic Bagalkot in 1986-87",110244,fno4J7Hk,46,0.0,61266557.0,14855631.0,Diploma Holders,Bangalore Urban,Civil Engineer and Social Worker,Business and Social Worker,"Engineering / Technology, Social Work / Activism","Business / Entrepreneurship, Social Work / Activism",M,SC,368393,226749,48.62,174
22,Anil H Lad,Bellary City,INC,Sandur Residential composite junior college,52098,RShzsioU,39,0.0,2889876598.0,750387482.0,Higher Secondary Education,Bellary,Business,Business,Business / Entrepreneurship,Business / Entrepreneurship,M,GEN,194202,119471,43.61,94
23,Ajay Dharmsingh,Jevargi,INC,"MBBS from M.S. Ramaiah Medical College, Bangalore from 1993 to 1998",67038,CJzsPym6,39,3.0,245345341.0,,Doctorates,Gulbarga,Business,Business,Business / Entrepreneurship,Business / Entrepreneurship,M,GEN,197259,144563,46.37,35
24,Abbayya Prasad,Hubli-Dharwad East,INC,2nd PUC(Science) Pass,42353,dEvCGQSR,44,0.0,13868225.0,,Higher Secondary Education,Dharwad,Business,Homemaker,Business / Entrepreneurship,Not Given,M,SC,174347,109094,38.82,72
25,Aihole Duryodhan Mahalingappa,Raybag,BJP,SSLC in H.V.H. High School Harugeri,37535,TdFxpTHX,55,0.0,44823402.0,2000000.0,Secondary Education,Belgaum,Standing MLA Agriculture,Agriculturist H.H.Work,"Politics / Public Service, Agriculture / Farming",Agriculture / Farming,M,SC,162583,122106,30.74,6
26,Arvind Chandrakant Bellad,Hubli-Dharwad West,BJP,"BE,PGDM 1991-92 sdm engnering collage dharwad",42003,nrxADmEh,43,1.0,480563000.0,15840000.0,Graduates,Dharwad,Jaggery and company partnar ship,Jaggery and company partnar ship,"Agriculture / Farming, Business / Entrepreneurship","Agriculture / Farming, Business / Entrepreneurship",M,GEN,220564,126910,33.1,74
27,B R Yavagal,Nargund,INC,B.Sc. LLB (Spl),59620,d9cRKZkB,66,0.0,27219790.0,,Graduates,Gadag,Agriculture,House Wife,Agriculture / Farming,Cound't Classify,M,GEN,171702,128630,46.35,68
28,Ashok Kheny,Bidar South,KMP,"M.S. (Management Science Engineering) in 1974 from Wooster Polytechnic College (Wooster,Massachusetts),USA",47763,4j6FZWc9,62,1.0,1452120014.0,293658081.0,Postgraduates,Bidar,Business Entrepreneur,Home Maker,Business / Entrepreneurship,Not Given,M,GEN,181107,124857,38.25,49
29,Appaji Urf Channabasavaraj Shankarao Nadagoud,Muddebihal,INC,BA,34747,hGHfQgMd,55,0.0,46383135.0,3242968.0,Graduates,Bijapur,Agriculture,House wife,Agriculture / Farming,Not Given,M,GEN,174207,114726,30.29,26
30,Ashok Mahadevappa Pattan,Ramdurg,INC,"B.A Graduate in A.P.S College , Basavanguddi, Bangalore in 1992",42310,5i2PZHeB,58,0.0,12002821.0,2200825.0,Graduates,Belgaum,Social worker,House wife,Social Work / Activism,Not Given,M,GEN,172341,129132,32.76,18
31,B. S. Yediyurappa,Shikaripura,KJP,B.A. From Bangalore University,69126,5JfV3ygK,71,17.0,58360854.0,4889377.0,Graduates,Shimoga,Agriculturist,Not Given,Agriculture / Farming,Cound't Classify,M,GEN,172735,138566,49.89,115
32,B. Ramanatha Rai,Bantval,INC,B.A. MYSORE VISHWAVIDHYALAY IN THE YEAR 1977,81665,StPD8L4E,61,0.0,36273209.0,,Graduates,Dakshina Kannada,FARMER,FARMER,Agriculture / Farming,Agriculture / Farming,M,GEN,197060,156188,52.29,205
33,Arvind Chandrakant Patil,Khanapur,IND,P.U.C. 2nd Year in the Year 1984 From MMS PU College Khanapur,37055,MuotmpQr,45,0.0,7602935.0,1838778.0,Higher Secondary Education,Belgaum,Agriculture and Transport Business,House wife,"Agriculture / Farming, Transportation / Logistics",Not Given,M,GEN,185379,134890,27.47,14
34,B.A. Basavaraja,K.R.Pura,INC,BA In 1985-1988,106299,mBzbX5zs,48,4.0,463850222.0,55326594.0,Graduates,B.B.M.P(North),farming and business,home maker,"Agriculture / Farming, Business / Entrepreneurship",Not Given,M,GEN,339784,200184,53.1,151
35,B.A.Mohiuddin Bava,Mangalore City North,INC,SSLC Fail,69897,7KNN2YsJ,49,3.0,153841005.0,7176987.0,Unknown,Dakshina Kannada,Bussiness,Bussiness,Business / Entrepreneurship,Business / Entrepreneurship,M,GEN,204413,145853,47.92,202
36,Anand Singh,Vijayanagara,BJP,"PUC in 1993 from Corporation Pre-University College, Magadi Road, Bangalore",69995,Cqb5yw6N,47,1.0,1045345934.0,104314709.0,Higher Secondary Education,Bellary,"Business, Agriculture and Social works.",Business Agricultural and Lady.,"Business / Entrepreneurship, Agriculture / Farming, Social Work / Activism","Business / Entrepreneurship, Agriculture / Farming",M,GEN,171289,124713,56.12,90
37,B.G.Govindappa,Hosadurga,INC,"J S S College, Mysore (1971-72)",58010,MKaWWwWt,58,1.0,24240000.0,3860000.0,Graduates,Chitradurga,Farmer,House wife,Agriculture / Farming,Not Given,M,GEN,175379,140003,41.43,101
38,B.M.Nagaraj,Siruguppa,INC,"SSLC Failed, Govt. school Siraguppa",65490,ekqniCeA,42,3.0,12737032.0,,Unknown,Bellary,Business and Farmer,House wife,"Business / Entrepreneurship, Agriculture / Farming",Not Given,M,ST,170038,126777,51.66,92
39,B. Sreeramulu,Bellary,BSRC,"BA, Alagappa University, 2008",74854,7Av8SPZw,42,7.0,379832728.0,154043053.0,Graduates,Bellary,Buisness Man,House Wife,Business / Entrepreneurship,Cound't Classify,M,ST,173111,130314,57.44,93
40,B.N Vijaykumar,Jayanagar,BJP,"B.E. IN CIVIL FROM BMS ENGINEERING COLLEGE, Bangalore University in 1990",43990,4k2LQDhx,54,0.0,17627765.0,,Graduates,B.B.M.P(South),POLITICS,Not Given,Politics / Public Service,Cound't Classify,M,GEN,170907,95565,46.03,173
41,B.Nagendra,Kudligi,IND,"B.com., Veera Shivaa College Bellary-1993",71477,DLMi7VQo,42,1.0,145624487.0,145961.0,Graduates,Bellary,Vidhan Sabha Member,House wife,Politics / Public Service,Not Given,M,ST,170516,132941,53.77,96
42,B.Suresh Gowda,Tumkur Rural,BJP,B.com R.C. College Bangalore1987-88,55029,bsNCBQZp,48,1.0,86685948.0,25306254.0,Graduates,Tumkur,social service and farmer,housewife,"Social Work / Activism, Agriculture / Farming",Not Given,M,GEN,175369,146725,37.5,133
43,Basavaraj Bommai,Shiggaon,BJP,BE Mechanical Engineering Hubli,73007,UkV2FXKQ,53,0.0,106930735.0,26268421.0,Graduates,Haveri,Industrialist,House Wife,Business / Entrepreneurship,Cound't Classify,M,GEN,188396,150102,48.64,83
44,Bharamgouda Alagouda Kage,Kagwad,BJP,B.SC From R.L.S. Collage Belgaum Karnataka University Dharwar In 1980,41784,kTBvSKfH,55,0.0,33205667.0,,Graduates,Belgaum,Farmer,House Wife,Agriculture / Farming,Cound't Classify,M,GEN,164201,129200,32.34,4
45,C B Suresh Babu,Chiknayakanhalli,JD(S),SSLC,60759,bkMpkMHk,42,1.0,40598231.0,5826392.0,Secondary Education,Tumkur,POLITICIAN,Not Given,Politics / Public Service,Cound't Classify,M,GEN,198417,160826,37.78,128
46,Balachandra Laxmanrao Jarkiholi,Arabhavi,BJP,"PUC 1st - JSS Arts, Science Commerce Collage Gokak In 1983",99283,Zf9EWn6k,47,0.0,126561587.0,5000000.0,Higher Secondary Education,Belgaum,Business,Not Given,Business / Entrepreneurship,Cound't Classify,M,GEN,196454,145099,68.42,8
47,Bheema Naik.L.B.P.,Hagaribommanahalli,JD(S),"VALMIKI SCHOOL, HOSPET, 1987-88",51972,EcBVR2de,39,0.0,38901663.0,4275178.0,Secondary Education,Bellary,"Business, Farming and Social Worker",house wife,"Business / Entrepreneurship, Agriculture / Farming, Social Work / Activism",Not Given,M,SC,185145,144826,35.89,89
48,B.Z.Zameer Ahmed Khan,Chamrajpet,JD(S),"SSLC discontinued. at Siddhartha High School,Kunigal,Tumkur District in 1982-83",56339,6gYEcqVf,48,1.0,94538040.0,20000000.0,Secondary Education,B.B.M.P(Central),"Managing Partner, M s N.T. Zameer Ahmed khan Associates",Partner N.T. Zameer Ahmed Khan Associates,Consulting / Advisory,"Law / Judiciary, Consulting / Advisory",M,GEN,183009,107679,52.32,168
49,Badarli Hampanagouda,Sindhanur,INC,B.A. Karnataka College Dharwar-Karnataka University,49213,UZf39cJ5,63,0.0,29219150.0,3468382.0,Graduates,Raichur,Agriculture,Not Given,Agriculture / Farming,Cound't Classify,M,GEN,199977,145208,33.89,58
50,Basavaraj Neelappa Shivannanavar,Byadgi,INC,BA GH COLLEGE HAVERI KAR VISHVAVIDYALAYA,57707,Xaf4oNsM,57,0.0,18257290.0,2082825.0,Graduates,Haveri,social service,House wife,Social Work / Activism,Not Given,M,GEN,180548,149831,38.51,85
51,C.N.Balakrishna,Shravanabelagola,JD(S),B.A. Mysore University 1991,87185,TkyTn48x,45,0.0,17714319.0,703083.0,Graduates,Hassan,Agriculture,House Maker,Agriculture / Farming,Cound't Classify,M,GEN,189541,155814,55.95,193
52,C Puttarangashetty,Chamarajanagar,INC,"BA, 1981-82, Shree Mahadeshwara College, Mysore University,",54440,QqassVjH,59,0.0,15073436.0,,Graduates,Chamarajnagar,Agriculture,House Wife and Catel,Agriculture / Farming,Not Given,M,GEN,186873,146760,37.09,223
53,D G Shantana Gowda,Honnali,INC,"B.Sc, Jabin Sience college, hubli",78789,fmmjRsbM,65,2.0,100621090.0,12352723.0,Graduates,Davangere,Agriculture,House Wife,Agriculture / Farming,Cound't Classify,M,GEN,174516,149119,52.84,110
54,D N Jeevaraj,Sringeri,BJP,PUC in 1981,58402,ZW6j5wiV,50,1.0,35813251.0,11236734.0,Higher Secondary Education,Chikmagalur,Agriculture,Housewife,Agriculture / Farming,Education / Academia,M,GEN,150064,119957,48.69,123
55,C.T.Ravi,Chikmagalur,BJP,M.A,58683,i3CuVLv8,45,2.0,35969434.0,12390269.0,Postgraduates,Chikmagalur,Politician,Social worker,Politics / Public Service,Social Work / Activism,M,GEN,191175,139045,42.2,125
56,D.Nagarajaiah,Kunigal,JD(S),"APS COLLEGE, BASAVANGUDI, BANGALORE IN 1962",44575,3zAvwFcq,69,1.0,68685098.0,174000.0,Graduates,Tumkur,AGRICULTURE SOCIAL SERVICE,HOUSE WIFE,"Agriculture / Farming, Social Work / Activism",Not Given,M,GEN,170828,142545,31.27,131
57,Dattatraya C.Patil Revoor (Appu Gouda),Gulbarga Dakshin,BJP,Passed Diploma In Pharmacy Ist Year Trupusultan Collage Of Pharmacy Gulbarga Board of Examining Authority Bangalore,36850,7HDCmmno,31,1.0,61141041.0,11734172.0,Diploma Holders,Gulbarga,Business,House Wife,Business / Entrepreneurship,Cound't Classify,M,GEN,211956,117303,31.41,44
58,D. C. Thammanna,Maddur,JD(S),"BSC In 1964, BE In 1969 Both of Mysore University",80926,48vkTbAk,70,1.0,81400346.0,23331132.0,Postgraduates,Mandya,Ex-MLA,Industrialist,Politics / Public Service,Business / Entrepreneurship,M,GEN,196781,156272,51.79,187
59,D.K.Shivakumar,Kanakapura,INC,"M.A.In Political Science 2006 Karnataka State Open University Mysore Master Degree , Degree SIRC Bangalore Degree Incomplete 1984, PUC HKES College Bangalore Pre-University Course 1980, School Vidhya Vardhaka High School Secondary School Leaving Certifica",100007,Jd6wJn7S,51,1.0,2515096329.0,1052313167.0,Postgraduates,Ramanagaram,Educationist Socialworker,House Wife-Land Lord,"Education / Academia, Social Work / Activism",Unknown,M,GEN,210997,176151,56.77,184
60,Dinesh Gundu Rao,Gandhi Nagar,INC,B.E. (E C) In 1992 From B.M.C. College Bangalore,54968,aJqZgKFh,43,0.0,227657220.0,12262352.0,Graduates,B.B.M.P(Central),Member Of Legislative Assembly,House Wife,Politics / Public Service,Cound't Classify,M,GEN,192936,110828,49.6,164
61,Doddamani Ramakrishna Shidlingappa,Shirahatti,INC,7th PASS Mudarge SCHOOL,44738,eFyE4yj6,57,0.0,4067000.0,,Secondary Education,Gadag,FARMER,FARMER,Agriculture / Farming,Agriculture / Farming,M,SC,182763,131227,34.09,65
62,Basavaraj Rayaraddy,Yelburga,INC,"Karnataka vishwavidyala law college,Dharwada, LL.B. (Special)",52388,3Ryo35pJ,57,0.0,84169000.0,,Graduates,Koppal,Agriculture,HOUSEWIFE,Agriculture / Farming,Not Given,M,GEN,180009,136729,38.32,63
63,Deshpande Raghunath,Haliyal,INC,B.A.(Hons)L.L.B. Shiva ji University 1970,55005,2EJw7fve,66,0.0,1139346065.0,110309870.0,Graduates,Uttara Kannada,Lawyer Social Service,Home Maker Investor,"Law / Judiciary, Social Work / Activism","Not Given, Banking / Finance",M,GEN,157649,120150,45.78,76
64,C P Yogeshwara,Channapatna,SP,B.Sc,80099,b4noSTxW,50,39.0,130804639.0,,Graduates,Ramanagaram,Business,Business,Business / Entrepreneurship,Business / Entrepreneurship,M,GEN,198764,168511,47.53,185
65,B.R.Patil,Aland,KJP,SSL GULBARGA,67085,FwYoETgg,63,4.0,25842197.0,1450824.0,Secondary Education,Gulbarga,SOCIAL SERVICE,HOUSE WIFE,Social Work / Activism,Not Given,M,GEN,192986,132385,50.67,46
66,Doddanagouda Hanamagouda Patil,Kushtagi,BJP,S.M.BOOMAREDDY COLLEGE GAJENDRAGADA,44007,oAmvVi9T,44,0.0,9450000.0,2732736.0,Graduates,Koppal,AGRICULTURE,HOME MAKER,Agriculture / Farming,Not Given,M,GEN,193774,138246,31.83,60
67,Dr. Maalakareddy,Yadgir,INC,"MBBS, MD from Karnataka Medical College, Hubli",40434,PWyYvtkN,75,0.0,39968810.0,5432359.0,Postgraduates,Yadgir,Agriculture and Medicine (Doctor),Medicine (Doctor),"Medicine / Healthcare, Agriculture / Farming",Medicine / Healthcare,M,GEN,190536,119778,33.76,38
68,G H Srinivasa,Tarikere,INC,"B.Com, LLB",35817,Asn2Hrir,45,0.0,23445832.0,835826.0,Graduates,Chikmagalur,Agriculture,Agriculture,Agriculture / Farming,Agriculture / Farming,M,GEN,159977,124727,28.72,126
69,Fairoz Nuruddin Saith,Belgaum Uttar,INC,"PUC, RLS College, Belgaum Karnataka University Dharwad from 1969-70",45125,6z4GXs9W,61,0.0,212620302.0,,Higher Secondary Education,Belgaum,Business,House wife Business,Business / Entrepreneurship,Business / Entrepreneurship,M,GEN,193980,115183,39.18,11
70,Eshwara Khandre,Bhalki,INC,"B.E. From Poojya Doddappa Appa College of Engineering, Gulbarga, Gulbarga University In 1985",58012,7LrBqov9,51,0.0,40084000.0,600000.0,Graduates,Bidar,Social Service and Agriculture,Agriculture,"Social Work / Activism, Agriculture / Farming",Agriculture / Farming,M,GEN,200474,147091,39.44,51
71,E.Tukaram,Sandur,INC,"M.Com Gulbarga University Year Of 1992 , PGDBA (Finance) St. Joseph Institution Bangalore 1993",62246,UCjcdBF9,46,0.0,11676918.0,6448557.0,Postgraduates,Bellary,Social Service (MLA),Social Service,"Social Work / Activism, Politics / Public Service",Social Work / Activism,M,ST,171854,128384,48.48,95
72,Dr K Srinivasamurthy,Nelamangala,JD(S),M.B.B.S,60492,E6ZwybAZ,51,0.0,50325800.0,400000.0,Doctorates,Bangalore Rural,FARMER,Govt Employee,Agriculture / Farming,Politics / Public Service,M,SC,182233,139664,43.31,181
73,G. Ram Krishana,Gulbarga Rural,INC,"B.A. in 1980 from H.K.E.S Prabhu College,Surpur",40075,WUr7cSfj,75,0.0,5076672.0,,Graduates,Gulbarga,Social Service,Household,Social Work / Activism,Not Given,M,SC,211123,123418,32.47,43
74,Gurupadagouda Sanganagouda Patil,Ron,INC,Under Graduate Karnataka College Dharawad,74593,3KGgHQCz,65,0.0,28839049.0,2110300.0,Unknown,Gadag,Agriculturist Business,Housewife,"Agriculture / Farming, Business / Entrepreneurship",Education / Academia,M,GEN,195737,145905,51.12,67
75,G.T Devegowda,Chamundeshwari,JD(S),GOVERNMENT HIGH SCHOOL ILAVALLA MYSORE (1966),75864,mPNrYbEu,63,0.0,65660048.0,6287349.0,Secondary Education,Mysore,Agriculturist,House Wife,Agriculture / Farming,Cound't Classify,M,GEN,239448,176962,42.87,215
76,Govind M Karjol,Mudhol,BJP,SSLC,64727,kGULCUMh,62,0.0,17322933.0,,Secondary Education,Bagalkot,Agriculture,House wife,Agriculture / Farming,Not Given,M,SC,166358,129099,50.14,19
77,Guru Patil Shiraval,Shahapur,KJP,"BA, LLB (Special) [Details Iâ€“XII Std. in SBR School, Gulbarga; BA from SBR College, Gulbarga; LLB from Seth Shankarlal Lahoti Law College, Gulbarga]",54924,eCaXPGNf,43,0.0,24406300.0,3551279.0,Postgraduates,Yadgir,Agriculture,Housewife,Agriculture / Farming,Education / Academia,M,GEN,188066,127118,43.21,37
78,G.Hampayya,Manvi,INC,SSLC,50619,XXz5ymyG,62,1.0,19210468.0,1401097.0,Secondary Education,Raichur,Agriculture,House Wife,Agriculture / Farming,Cound't Classify,M,ST,199508,121974,41.5,55
79,H Anjaneya,Holalkere,INC,"MSB College, Davanagere",76856,9ciCVNQ7,58,0.0,33986455.0,7376550.0,Graduates,Chitradurga,Social Service,Lecturer,Social Work / Activism,Education / Academia,M,SC,204469,162979,47.16,102
80,H. K. Kumaraswamy,Sakaleshpur,JD(S),"B.SC.BED,LLB, Mysore University, 1974-B.ed Hassan, Hasanamba colage- LLB Mysore university1980",63602,i9TbrYgo,58,0.0,44856594.0,8303000.0,Graduates,Hassan,"Agriculture, Legislatar",House wife and Business,"Agriculture / Farming, Unknown","Business / Entrepreneurship, Not Given",M,SC,181602,140486,45.27,199
81,G. Manjunatha,Mulbagal,IND,"SSLC in 1995 from Nehru Kennedy High School, Byrakur",73146,ELXMK9rL,34,0.0,37537952.0,7231971.0,Secondary Education,Kolar,Farmer and Real Estate consultant and commission,House wife,"Agriculture / Farming, Construction / Real Estate",Not Given,M,SC,171494,138700,52.74,145
82,H S Mahadevaprasad,Gundlupet,INC,M.A. Year-1991,73723,gpKKsB8n,55,0.0,80121133.0,19802930.0,Postgraduates,Chamarajnagar,Farmer,HouseWife,Agriculture / Farming,Not Given,M,GEN,190420,162326,45.42,224
83,Dr. Rafeeq Ahmed S.,Tumkur City,INC,"Ph.D IN CIVIL ENGINEERING; B.E., M.E. Ph.D., IIT Delhi",43681,E5xGsvyu,45,1.0,23339253.0,3218484.0,Doctorates,Tumkur,PROFESSOR,MANAGING DIRECTOR,Education / Academia,Business / Entrepreneurship,M,GEN,210384,138317,31.58,132
84,G.H.Thippareddy,Chitradurga,BJP,Mysore university,62228,MF38KbhU,66,0.0,92706085.0,22079677.0,Graduates,Chitradurga,Real Estate and Agriculture,House Wife,"Construction / Real Estate, Agriculture / Farming",Cound't Classify,M,GEN,225280,163365,38.09,99
85,H K Patil,Gadag,INC,"B.SC., LLB (SPL) FROM JSS COLLAGE KARNATA VISHWA VIDYALYA DARAWADA",70475,BrEjbQ3f,60,0.0,34634028.0,21678379.0,Graduates,Gadag,Former,HOUSE WIFE,Not Given,Not Given,M,GEN,191106,136314,51.7,66
86,Dr H C Mahadevappa,T.Narasipur,INC,MMBS,53219,FsFZr2Pp,60,0.0,12875438.0,931900.0,Doctorates,Mysore,Government Employee,House Wife,Politics / Public Service,Cound't Classify,M,SC,179884,135293,39.34,220
87,Gurupadappa Nagamarpalli,Bidar,KJP,Unknown,50718,NHrUmq7B,71,1.0,154498245.0,50825188.0,Unknown,Bidar,Agriculture,Not Given,Agriculture / Farming,Cound't Classify,M,GEN,190262,112971,44.89,50
88,Dr. Ashwathnarayan C. N,Malleshwaram,BJP,"MBBS, Kasturba medical College, Mangalore University, 1995",57609,7tw95qSU,45,0.0,159320322.0,63985840.0,Doctorates,B.B.M.P(North),"Doctor, MLA, MD (Padmashree Medicare), Managing Trustee (Padmashree Charitable Trust)","Director (Padmashree Medicare), managingTrustee (PCT), Salaried Employee","Medicine / Healthcare, Politics / Public Service, Information Technology",Medicine / Healthcare,M,GEN,173755,108299,53.19,157
89,H.C.Balakrishna,Magadi,JD(S),MBBS in Kempegowda Institute of Medical Science Bangalore,74821,bfv6HQL9,48,0.0,185403092.0,86569798.0,Postgraduates,Ramanagaram,Political,Business,Politics / Public Service,Business / Entrepreneurship,M,GEN,202991,170066,44.0,182
90,Dr. Sharan Prakash Rudrappa Patil,Sedam,INC,MBBS MR Medical college gulbarga md skin and vd (same college),53546,bMwxFVFd,46,1.0,38498875.0,540000.0,Doctorates,Gulbarga,DOCTOR,DOCTOR,Medicine / Healthcare,Medicine / Healthcare,M,GEN,185201,135976,39.38,41
91,H.S.Prakash,Hassan,JD(S),SSLC GOVT HIGH SCHOOL IN HASSAN IN 1972,61306,RYcSfptR,62,0.0,30145000.0,1400000.0,Secondary Education,Hassan,AGRICULTURE,HOUSE WIFE,Agriculture / Farming,Not Given,M,GEN,188414,131059,46.78,196
92,Iqbal Ansari,Gangawati,JD(S),Unknown,60303,Rb49HHjM,51,0.0,216626317.0,34337786.0,Unknown,Koppal,Agriculture and Business,Business and Agriculture,"Agriculture / Farming, Business / Entrepreneurship","Business / Entrepreneurship, Agriculture / Farming",M,GEN,170865,125343,48.11,62
93,Hegde Vishweshwar,Sirsi,BJP,B.Com FROM DHARWAD,42854,2PrnCCpz,52,0.0,30870983.0,,Graduates,Uttara Kannada,Agriculture,House wife,Agriculture / Farming,Not Given,M,GEN,174259,131191,32.67,80
94,Halady Srinivas Shetty,Kundapura,IND,"B.Sc IN M.G.M COLLEGE UDUPI, MYSORE COLLEGE",80563,W6vme4hc,62,0.0,17776549.0,6968971.0,Graduates,Udupi,AGRICULTURE,Not Given,Agriculture / Farming,Cound't Classify,M,GEN,181943,138983,57.97,119
95,H.P. Manjunath,Hunsur,INC,"B.A complete in 1990 MFG college HUnsur ,Mysore University Mysore",83930,S5332nxa,45,0.0,85970985.0,45257220.0,Graduates,Mysore,Agriculture and Buisness,Buisness,"Business / Entrepreneurship, Agriculture / Farming",Business / Entrepreneurship,M,GEN,203627,161496,51.97,212
96,H.D.Kumara Swamy,Ramanagaram,JD(S),"B.Sc in 1978 from National College,Jayanagar,Bangalore University",83447,W6R7VYGv,53,0.0,1377707113.0,686774279.0,Graduates,Ramanagaram,Public Servant Agriculturist,"Public Servant Entrerrencur,Carrying on Business of Petrol and Petroleum Project under The name Style of Nikhil Co.,Carrying The Business of Serial Production under the name and Style of Nikhil Creations","Politics / Public Service, Agriculture / Farming","Politics / Public Service, Business / Entrepreneurship",M,GEN,184788,148705,56.12,183
97,H.D.Revanna,Holenarasipur,JD(S),"Matriculation from Govt. High School Chakenahalli, Hale Kote Hobli Holenarsipura Taluk, Hassan Dist. in 1973-74",92713,kHzNpbsn,55,0.0,236748376.0,,Secondary Education,Hassan,Agriculturallist Public Servant,House wife Social Activist,"Agriculture / Farming, Politics / Public Service","Social Work / Activism, Arts / Entertainment",M,GEN,198333,162263,57.14,197
98,Inamdar Danappagouda Basanagouda,Kittur,INC,"Bsc - 1st year Raja lakhamanagouda Science Institue, Belgaum- April 1965",53924,kKeKEnon,64,0.0,143136119.0,2170778.0,Graduates,Belgaum,Agriculture,Housewife,Agriculture / Farming,Education / Academia,M,GEN,166696,125970,42.81,15
99,J.K Krishnareddy,Chintamani,JD(S),SSLC Govt High School Vartur,68950,ULytiZvz,46,0.0,412511226.0,,Secondary Education,Chikkaballapur,Agriculture Business,Housewife and Business,"Agriculture / Farming, Business / Entrepreneurship",Business / Entrepreneurship,M,GEN,186465,158113,43.61,143
100,Jarkiholi Ramesh Laxmanrao,Gokak,INC,"B.A.1st from Karnataka University Dharawad, JSS College, Gokak in 1981",79175,6cqALt9F,52,1.0,579404828.0,121106094.0,Graduates,Belgaum,Business Agriculture,Housewife Agriculture,"Business / Entrepreneurship, Agriculture / Farming",Agriculture / Farming,M,GEN,202371,144327,54.86,9
101,K Vasantha Bangera,Belthangady,INC,Unknown,74530,VSKDC57G,68,0.0,72556515.0,1836494.0,Unknown,Dakshina Kannada,Agriculture,Not Given,Agriculture / Farming,Cound't Classify,M,GEN,193864,146229,50.97,200
102,K Abhayachandra,Moodabidri,INC,"Automobile diploma, (diesel mechanic) karnataka governement polytechnic,mangalore",53180,kALZqbwn,64,0.0,53776833.0,51684333.0,Diploma Holders,Dakshina Kannada,vehicle transportaion business,vehicle transportation business,"Transportation / Logistics, Business / Entrepreneurship",Transportation / Logistics,M,GEN,173553,128808,41.29,201
103,K M Shivalingegowda,Arsikere,JD(S),B.A Hassan Govt Art Collage 1980,76579,mo5598Tp,55,1.0,15733251.0,3319703.0,Graduates,Hassan,Sri Venu Gopalaswamy Stone Crusher And Adarsha cement Helo Bricks and Steel Fabrication Unit,Not Given,Construction / Real Estate,Cound't Classify,M,GEN,197423,158869,48.2,194
104,K Shivamurthy,Mayakonda,INC,"B.A, LLB, MBA",32435,YPtmfMTJ,57,0.0,123617129.0,13353582.0,Graduates,Davangere,Advocate,Doctor,Law / Judiciary,Medicine / Healthcare,M,SC,174925,135030,24.02,108
105,John Richard Lobo,Mangalore City South,INC,"BSc (1973), BEd.(1975), St. Philomina College, Puttur Govt. BEd. College, Mangalore, Mysore University",67829,d3rkZhnz,60,0.0,30773295.0,400000.0,Postgraduates,Dakshina Kannada,Retired Govt. Officer,"Joint Director of Public Instructions, Govt. of Karnataka",Politics / Public Service,Education / Academia,M,GEN,205065,132315,51.26,203
106,K. Gopalaiah,Mahalakshmi Layout,JD(S),BSc in Bangalore University,66127,RhvSN5Y8,52,0.0,71795974.0,17062040.0,Graduates,B.B.M.P(North),Business,"House wife,business and former",Business / Entrepreneurship,Business / Entrepreneurship,M,GEN,245583,147849,44.73,156
107,Jagadish Shettar,Hubli-Dharwad Central,BJP,"B.Com, LLB",58201,ixUWkj3f,57,0.0,49522333.0,1917000.0,Graduates,Dharwad,ADVOCATE AND POLITICIAN,HOME MAKER,"Law / Judiciary, Politics / Public Service",Not Given,M,GEN,212179,117311,49.61,73
108,Jagadish Patil,Bilgi,INC,BSC,66655,KpW5JD2U,63,1.0,25489507.0,7980000.0,Graduates,Bagalkot,SELF EMPLOYMENT,SELF EMPOLYMENT,Business / Entrepreneurship,Business / Entrepreneurship,M,GEN,190466,149179,44.68,22
109,K.S.Manjunathgowda,Malur,JD(S),"p u c ,viveka nanda college ,raagaaaji nagar bangalore",57645,7mfEbnuU,38,0.0,82277500.0,1000000.0,Higher Secondary Education,Kolar,Agriculture,Housewife,Agriculture / Farming,Education / Academia,M,GEN,163883,143121,40.28,149
110,K.G.Bopaiah,Virajpet,BJP,"BSC, LLB",67250,KPAiw6Ni,58,1.0,23862326.0,2167720.0,Postgraduates,Kodagu,Agriculturist,"Headmistress, Government High School, Kodagu",Agriculture / Farming,"Education / Academia, Politics / Public Service",M,GEN,201277,142377,47.23,209
111,K.R. Ramesh Kumar,Srinivaspur,INC,"B.Sc, From Government Arts and Science College Bangalore during the year 1970-71",83426,9vCuncA8,63,1.0,105182599.0,34744539.0,Graduates,Kolar,Agriculturist,House Wife,Agriculture / Farming,Cound't Classify,M,GEN,190885,168875,49.4,144
112,K.B.Prasanna Kumar,Shimoga,INC,Bcom,39355,YANAHLRZ,44,0.0,9351995.0,4275331.0,Graduates,Shimoga,Contaractor,Bank Employee,Construction / Real Estate,Banking / Finance,M,GEN,215937,139648,28.18,113
113,H.S. Shivashankar,Harihar,JD(S),"BA, LLB",59666,TqdmwDbP,44,0.0,23682773.0,29496493.0,Graduates,Davangere,Advocate and Social Service,Not Given,"Law / Judiciary, Social Work / Activism",Cound't Classify,M,GEN,194111,150743,39.58,105
114,K Gopala Poojari,Byndoor,INC,"Govt High School,Vandse,Kundapura Taluk 1976-77",82277,BSxDnjyi,53,0.0,128740789.0,33757389.0,Secondary Education,Udupi,Hotel Business,Hotel Business,Hospitality / Tourism,Hospitality / Tourism,M,GEN,194914,148090,55.56,118
115,K. Venkatesh,Periyapatna,INC,B.Sc,62045,BC4qoD4d,65,0.0,47597500.0,3900000.0,Graduates,Mysore,"Agriculture, Business and Social Service",House Wife,"Agriculture / Farming, Business / Entrepreneurship, Social Work / Activism",Cound't Classify,M,GEN,162480,136307,45.52,210
116,Kyatasandra N. Rajanna,Madhugiri,INC,"Bsc from Government Science College Tumkur,Mysore University in 1973 and LLB from Vidyadaya Law College,Tumkur,Bangalore University in 1984",75086,ZmqFtmkN,62,0.0,57415326.0,15030333.0,Postgraduates,Tumkur,Advocate Agriculturist,Agriculturist,"Law / Judiciary, Agriculture / Farming",Agriculture / Farming,M,GEN,182546,147308,50.97,138
117,M K Somashekar,Krishnaraja,INC,B.Com FROM MYSORE UNIVERSITY IN 1980-81,52611,JJYRAb9G,60,3.0,92480630.0,,Graduates,Mysore,BUSINESS,BUSINESS,Business / Entrepreneurship,Business / Entrepreneurship,M,GEN,216322,127812,41.16,216
118,M P Ravindra,Harapanahalli,INC,"NATIONAL COLLEGE BANGALORE, 1987",56954,B4if8TGm,44,0.0,91620638.0,12473454.0,Graduates,Davangere,"Agriculture, Business and Social Service",House Wife,"Agriculture / Farming, Business / Entrepreneurship, Social Work / Activism",Cound't Classify,M,GEN,184923,150223,37.91,104
119,Kimmane Ratnakar,Tirthahalli,INC,"BSC, LLB",37160,QgaxDX8t,61,2.0,12460327.0,4012870.0,Postgraduates,Shimoga,LAWYER,HOUSEWIFE,Law / Judiciary,Not Given,M,GEN,169863,139215,26.69,114
120,Kelachandra Joseph George,Sarvagnanagar,INC,"PU Passed, B.A. not completed from Mysore University",69673,Fy8pmXS6,63,0.0,315489179.0,,Graduates,B.B.M.P(North),POLITICIAN BUSINESS,BUSINESS,"Politics / Public Service, Business / Entrepreneurship",Business / Entrepreneurship,M,GEN,280041,140672,49.53,160
121,M Krishnappa,Bangalore South,BJP,SSLC,102207,EPgPkueb,50,0.0,346369708.0,78504976.0,Secondary Education,Bangalore Urban,Self Employement,Self Employement,Business / Entrepreneurship,Business / Entrepreneurship,M,GEN,447562,250737,40.76,176
122,Koliwad K.B,Ranibennur,INC,llb karnataka vishwavidyalaya,53780,hBdo9zZ8,69,1.0,30624628.0,,Graduates,Haveri,political,HOME MAKER,Politics / Public Service,Not Given,M,GEN,200778,159167,33.79,87
123,Laxman Sangappa Savadi,Athani,BJP,2nd puc ssmc clg 1978,74299,AMCwgwyw,53,0.0,92466157.0,1000611.0,Higher Secondary Education,Belgaum,"SOCIAL SERVICE,AGRICULTURIST",House wife,"Social Work / Activism, Agriculture / Farming",Not Given,M,GEN,186167,146290,50.79,3
124,K.Shadakshari,Tiptur,INC,B.COM,56817,gNerGY3q,64,0.0,21832461.0,13200000.0,Graduates,Tumkur,COCOUNT MARCHANT,HOUSE WIFE,Business / Entrepreneurship,Not Given,M,GEN,171491,140253,40.51,129
125,Krishna Byre Gowda,Byatarayanapura,INC,"M.A. In International Politics Economic Development American University . Washington D.C. USA In The Year 1999. BBM Christ College, Bangalore In The Year 1994-Pre University National College Basavanagudi Bangalore",96125,BVpHSFqi,40,0.0,62702490.0,7431000.0,Postgraduates,Bangalore Urban,Agriculture,Senior Consultant CJI Information Systems Ltd,Agriculture / Farming,Consulting / Advisory,M,GEN,330387,208322,46.14,152
126,M.J.Appaji,Bhadravati,JD(S),"B.A , SMV College, Bhadravathi",78370,cRcfycAo,60,1.0,11004722.0,4351990.0,Graduates,Shimoga,Rtd. VSL Employee,House Wife,Cound't Classify,Cound't Classify,M,GEN,199358,143556,54.59,112
127,M.Rajanna,Sidlaghatta,JD(S),B.SC. DAIRY TECHNOLOGY,77931,guZtFX3t,49,0.0,12545000.0,200000.0,Diploma Holders,Chikkaballapur,AGRICULTURE,Z.P MEMBER,Agriculture / Farming,Politics / Public Service,M,GEN,176854,153740,50.69,142
128,M.B.Patil,Babaleshwar,INC,B.E CIVIL FROM BLDE HALAKATTI COLLAGE OF ENGINEERING TECHNOLOGY COLLAGE BIJAPUR IN 1990,62061,gwjT4WMc,49,0.0,401649979.0,191965776.0,Diploma Holders,Bijapur,AGRICULTURIST,HOUSE WIFE,Agriculture / Farming,Not Given,M,GEN,184083,134348,46.19,29
129,M.H Ambareesh,Mandya,INC,PUC Mysore,90329,MyJpb5eh,61,0.0,42924502.0,1574361.0,Higher Secondary Education,Mandya,Cine Artist,Cine Artist Consultant,Arts / Entertainment,"Arts / Entertainment, Consulting / Advisory",M,GEN,222941,152818,59.11,189
130,M T Krishnappa,Turuvekere,JD(S),bangalore university,66089,c5ADhvUU,62,6.0,22718868.0,1000000.0,Unknown,Tumkur,Agricultural,House Wife,Agriculture / Farming,Cound't Classify,M,GEN,176017,140074,47.18,130
131,M.Sathish Reddy,Bommanahalli,BJP,Unknown,86552,mdXXRfQ3,41,0.0,429635121.0,59800000.0,Unknown,B.B.M.P(South),"President of Devraj Aras Truck Terminal, Chairman for M s Shelters Pvt. Ltd",MD M S Shelters,"Business / Entrepreneurship, Construction / Real Estate",Construction / Real Estate,M,GEN,323091,174734,49.53,175
132,Makbul S Bagawan,Bijapur City,INC,MBBS,48615,aVEMX9pR,44,0.0,15796527.0,5002479.0,Doctorates,Bijapur,Business,House Wife,Business / Entrepreneurship,Cound't Classify,M,GEN,211756,119021,40.85,30
133,Kagodu Thimmappa,Sagar,INC,"B.COM,.B.L",71960,P6DzR7xT,82,14.0,11980629.0,,Graduates,Shimoga,Vice Vidhanasabha,House wife,Politics / Public Service,Not Given,M,GEN,179790,137407,52.37,117
134,M.Krishnappa,Vijay Nagar,INC,BSC FROM BANGALORE UNIVERSITY (1973),76891,38jkJjvM,61,1.0,1474348896.0,782906332.0,Graduates,B.B.M.P(South),BUSINESS,HOUSEWIFE,Business / Entrepreneurship,Not Given,M,GEN,235950,133197,57.73,167
135,Malikayya Venkayya Guttedar,Afzalpur,INC,B.Com From S.B Collage Gulbarga In 1979,38093,6oGqgsRW,57,0.0,38339261.0,2788010.0,Graduates,Gulbarga,Social Work,House Wife,Social Work / Activism,Cound't Classify,M,GEN,190336,128606,29.62,34
136,K.Sudhakar,Chikkaballapur,INC,MBBS,74914,kd2iXBXB,39,0.0,22939732.0,,Doctorates,Chikkaballapur,DOCTOR,HOUSE WIFE DIRECTOR OF THE INDOMOUNT PVT LTD ,Medicine / Healthcare,"Business / Entrepreneurship, Not Given",M,GEN,176367,146709,51.06,141
137,Mallikarjun Sidramappa Khuba,Basavakalyan,JD(S),SSLC From Shri Basaveshwar High School (English Medium) Basavakalyan In 1993,37494,53xCQ99J,36,3.0,110543029.0,37172378.0,Secondary Education,Bidar,Social Service Business,Household,"Business / Entrepreneurship, Social Work / Activism",Not Given,M,GEN,198007,126172,29.72,47
138,Manju A,Arkalgud,INC,"BA,LLB,SJR COLLEGE, BENGALURU, 1985-86 YEAR",61369,axAtEkrk,55,0.0,159680492.0,450000.0,Graduates,Hassan,Advocate,House Wife,Law / Judiciary,Cound't Classify,M,GEN,197950,170262,36.04,198
139,Mankala Subba Vaidya,Bhatkal,IND,"Janatha Vidyalaya , Murudeshwar 1988",37319,DiuPePm3,41,3.0,121413466.0,37051662.0,Primary Education,Uttara Kannada,OWN BUSSINESS,DIED,Business / Entrepreneurship,Cound't Classify,M,GEN,189664,134517,27.74,79
140,Manohar Thashildar,Hangal,INC,B.E MACHANICAL COURSE,66324,3Va2mTaK,67,0.0,19640352.0,3400000.0,Graduates,Haveri,EX ASESMBLY VICEPRESIDENT,house wife,Politics / Public Service,Not Given,M,GEN,173934,144395,45.93,82
141,N.Cheluvaraya Swamy,Nagamangala,JD(S),"Diploma in Civil Engineering from Polytechnic College, KR Pet, Mandya District during 1978-83; 8th-10th Standard in Sri Siddaganga High School, Tumkur during 1975-78; 5th-7th Standard in Goverment Higher Primary School, Brahmadevarahalli, Nagamangala Talu",89203,iZKYEgSR,53,0.0,147265276.0,65912645.0,Diploma Holders,Mandya,Agriculture,Housewife,Agriculture / Farming,Education / Academia,M,GEN,200796,163624,54.52,191
142,Meti Hullappa Yamanappa,Bagalkot,INC,Unknown,68216,SXeMNszb,68,0.0,62641207.0,8917163.0,Unknown,Bagalkot,Agriculture,House Wife,Agriculture / Farming,Cound't Classify,M,GEN,201375,139966,48.74,24
143,P.Rajeev,Kudachi,BSRC,"B.Sc, karnataka mahavidyalaya, dharwad",71057,ZYHmHUAk,35,0.0,9426000.0,,Graduates,Belgaum,social activist,Home maker,Social Work / Activism,Construction / Real Estate,M,SC,147941,115375,61.59,5
144,Narayana Gowda,Krishnarajpet,JD(S),Diploma in Hotel Management,56784,4iv9ZZSt,51,0.0,95194236.0,13557820.0,Diploma Holders,Mandya,Business (Self-Employed),Housewife,Business / Entrepreneurship,Education / Academia,M,GEN,189137,153482,37.0,192
145,N H Shivashankara Reddy,Gauribidanur,INC,B.SC.AJ,50131,KwjXfvK5,59,0.0,35604456.0,15231912.0,Graduates,Chikkaballapur,AGRICULTURE,HOUSE WIFE,Agriculture / Farming,Not Given,M,GEN,186720,149168,33.61,139
146,P.M.Narendra Swamy,Malavalli,INC,B.E. Civil From Ambedkar Institute of Technology in 1994,61869,BQ73zKhj,50,0.0,100520775.0,9463542.0,Graduates,Mandya,Business,House Wife,Business / Entrepreneurship,Cound't Classify,M,SC,230524,172550,35.86,186
147,N H Konaraddi,Navalgund,JD(S),B.COM kar vishvavidyalaya 1987,44448,CaoWeHgt,49,1.0,29896575.0,273301.0,Graduates,Dharwad,AGRICULTURE,HOUSE WIFE,Agriculture / Farming,Not Given,M,GEN,182898,137347,32.36,69
148,Munirathna,Rajarajeshwarinagar,INC,"SSLC From Corporation High School, Kodandaramapuram, Malleshwaram Bangalore In 1981",71064,UCtcy5me,49,1.0,288301637.0,,Secondary Education,B.B.M.P(Central),BBMP Corporator Ward 37,House Wife,"Politics / Public Service, Law Enforcement / Security",Cound't Classify,M,GEN,334493,189998,37.4,154
149,N. A. Haris,Shanti Nagar,INC,"Master of Arts in History in Karnataka Open University at Mysore,Year-2005",54342,jhaC6LZU,46,0.0,1337605689.0,35333440.0,Postgraduates,B.B.M.P(Central),Managing Director - Nalapad group of Compamies,House wife,Business / Entrepreneurship,Not Given,M,GEN,179461,103610,52.45,163
150,N.Nagaraju [M.T.B],Hosakote,INC,9th standard ITI Vidhyamandir In 1966,85238,,61,0.0,4701357248.0,495010696.0,Vocational Training,Bangalore Rural,Agriculturist and Business Man,House wife,"Agriculture / Farming, Business / Entrepreneurship",Not Given,M,GEN,182905,166395,51.23,178
151,Pillamunishamappa,Devanahalli,JD(S),", Second PUC, MES Evening college, Bangalore 1983-84",70323,cumh3nNr,48,0.0,86798611.0,6853647.0,Higher Secondary Education,Bangalore Rural,Agricluture and Business,Agricluture and Business,"Business / Entrepreneurship, Agriculture / Farming","Business / Entrepreneurship, Agriculture / Farming",M,SC,185376,153547,45.8,179
152,Priyank .M.Kharge,Chittapur,INC,"Certified Professional in Computer Arts Animation in 1999, PUC from MES College Malleswaram in 1996",69379,jKYtk4JX,34,0.0,80509974.0,6116686.0,Higher Secondary Education,Gulbarga,Business,House Wife,Business / Entrepreneurship,Cound't Classify,M,SC,190429,123716,56.08,40
153,Qamarul Islam,Gulbarga Uttar,INC,"B.E., (Mechanical) Passed in first Class in the year1972 from College of Engineering, Gulbarga of Karnataka University.",50498,B96fT6y2,66,1.0,105879993.0,6663808.0,Graduates,Gulbarga,Educationist and Business,Business and Housewife,"Business / Entrepreneurship, Education / Academia","Business / Entrepreneurship, Not Given",M,GEN,208698,104839,48.17,45
154,Prakash Hukkeri,Chikkodi-Sadalga,INC,J.A.Composite Pre-university college Belagavi,102237,Yr4NrQTp,66,0.0,67736977.0,1995403.0,Higher Secondary Education,Belgaum,I.O.C Dealer Social Woker,HouseMaker Social Worker,"Business / Entrepreneurship, Social Work / Activism","Education / Academia, Social Work / Activism",M,GEN,187308,149375,68.44,2
155,R Jagadeesh Kumar,Hebbal,BJP,"Bachelor of Engineering in Electronics from R V College of Engineering,Banglore University in 1981",38162,ftS8Y7dM,56,0.0,136148591.0,82744000.0,Postgraduates,B.B.M.P(North),Self Employed,Housewife,Business / Entrepreneurship,Education / Academia,M,GEN,210497,115540,33.03,158
156,Pramod Madhwaraj,Udupi,INC,"II PUC Completed From MGM College, Udupi in April 1986",86868,2AtjVZoa,45,0.0,1051748405.0,448423400.0,Higher Secondary Education,Udupi,Bussiness,Bussiness,Business / Entrepreneurship,Business / Entrepreneurship,M,GEN,180879,138430,62.75,120
157,Priyakrishna,Govindraj Nagar,INC,LLB In Bangalore Univeristy 2008,72654,KHbezkdT,29,2.0,9109861857.0,8532359544.0,Postgraduates,B.B.M.P(South),Business,Not Given,Business / Entrepreneurship,Cound't Classify,M,GEN,239465,131237,55.36,166
158,R Narendra,Hanur,INC,"M.A,LLB",55684,3a7ZgP6H,55,0.0,65468242.0,500000.0,Postgraduates,Chamarajnagar,Farmer,Agriculture,Agriculture / Farming,Agriculture / Farming,M,GEN,181142,137852,40.39,221
159,R. Akhanda Srinivasa Murthy,Pulakeshinagar,JD(S),P.U.C.,48995,jKzggewB,43,1.0,41195000.0,4400000.0,Higher Secondary Education,B.B.M.P(North),SOCIAL WORKER,BBMP MEMBER,Social Work / Activism,Politics / Public Service,M,SC,178272,100501,48.75,159
160,Prabhu B. Chavhan,Aurad,BJP,in 1997-98,61826,f2XjuJzp,44,0.0,40396787.0,9575822.0,Unknown,Bidar,BUSSINESS AND SOCIAL HELPER,HOUSE WIFE,"Business / Entrepreneurship, Social Work / Activism",Not Given,M,SC,189099,129101,47.89,52
161,R. Ashoka,Padmanaba Nagar,BJP,"B.Sc. From Bangalore University, VV Puram College of Science, in the year 1979-80, Second PUC-VV Puram College Bangalore during 1975-76",53680,fMDKdLDr,55,4.0,262070695.0,19918743.0,Graduates,B.B.M.P(South),Agriculturist Public Servant,Agriculturist and homemaker,"Politics / Public Service, Agriculture / Farming",Agriculture / Farming,M,GEN,219754,128353,41.82,171
162,P.T .Parameshwaranaik,Hadagalli,INC,"1982-84, ARG COLLEGE, DAVANGERE",59336,PUeFooEV,48,0.0,14824000.0,22008500.0,Unknown,Bellary,FARMER EX-MLA,HOUSEWIFE,"Agriculture / Farming, Politics / Public Service",Not Given,M,SC,157285,116099,51.11,88
163,R. Varthur Prakash,Kolar,IND,"BE from Dayanandsagar College of Engineering in 1987, PUC II Sri Sathya Sai Institute of Higher Learning in 1983",62957,Z7BGsb42,47,0.0,6643621.0,,Postgraduates,Kolar,social service,house wife,Social Work / Activism,Not Given,M,GEN,196220,163480,38.51,148
164,P.R.Sudhakarlal,Koratagere,JD(S),"B.E.(Mech.), L.L.B.",72229,HK2HLAcB,48,0.0,18192015.0,6407664.0,Graduates,Tumkur,OWN BUSSINESS AND AGRICULTURE,K.A.S OFFICER,"Business / Entrepreneurship, Agriculture / Farming",Politics / Public Service,M,SC,181914,152242,47.44,134
165,R.Roshan Baig,Shivajinagar,INC,"B.Com R C Collage Bangalore, LL.B Government Law Collage Bangalore",49649,QiV72W37,59,0.0,197120057.0,40993806.0,Graduates,B.B.M.P(Central),Social Worker,House Wife,Social Work / Activism,Cound't Classify,M,GEN,167309,90895,54.62,162
166,Raghavendra K.Basavaraj Hitnal,Koppal,INC,PUC GSS College Dharwad,81062,LYkmH5fm,34,0.0,15963607.0,924982.0,Higher Secondary Education,Koppal,Business and Self employment,HOUSE WIFE and Business,Business / Entrepreneurship,Business / Entrepreneurship,M,GEN,205255,151417,53.54,64
167,Ramakka. Y,Kolar Gold Field,BJP,"SSLC from Govt High School, Kallubalu, Jigani, Anekal in 1968",55014,i5me8WSr,59,0.0,7370319.0,,Secondary Education,Kolar,House wife,Agriculturer,Not Given,Agriculture / Farming,F,SC,169610,117374,46.87,146
168,Ramalinga Reddy,B.T.M.Layout,INC,"B.Sc. From Government Arts Science College, Bangalore, year of Passing 1975",69712,XYB6ukrk,60,0.0,359370681.0,172517202.0,Graduates,B.B.M.P(South),Business,Family Business,Business / Entrepreneurship,Business / Entrepreneurship,M,GEN,206974,110486,63.1,172
169,Rudresh Gowda. Y. N,Belur,INC,"B.Sc, LL.B",48802,RutjSavV,57,0.0,98673362.0,3520975.0,Postgraduates,Hassan,Agriculture,Agriculture,Agriculture / Farming,Agriculture / Farming,M,GEN,174842,132940,36.71,195
170,Ramesh Balappa Bhusanur,Sindgi,BJP,S.B. College Bijapura in the year 1982,37834,32BFgaKy,54,0.0,29033907.0,7500000.0,Graduates,Bijapur,Not Given,Not Given,Cound't Classify,Cound't Classify,M,GEN,184900,128355,29.48,33
171,S R Mahesh,Krishnarajanagara,JD(S),"B.Sc., D.Pharma",81457,ATYwLEbC,47,0.0,370717828.0,113307010.0,Graduates,Mysore,Business,Business,Business / Entrepreneurship,Business / Entrepreneurship,M,GEN,188498,157467,51.73,211
172,Rajshekar Baswaraj Patil,Humnabad,INC,"Govt. Padavi East Boys College, Humnabad. Year 1982-83",64694,KFeQfBWF,49,1.0,37213729.0,2956625.0,Graduates,Bidar,"Business,Agriculture and Social service",House Wife,"Business / Entrepreneurship, Agriculture / Farming, Social Work / Activism",Cound't Classify,M,GEN,206145,136013,47.56,48
173,Rudrappa Manappa Lamani,Haveri,INC,Unknown,83119,9hg7s4gp,54,2.0,34282615.0,4256845.0,Unknown,Haveri,Not Given,Not Given,Cound't Classify,Cound't Classify,M,SC,198638,150469,55.24,84
174,Ravi Subramanya.L.A.,Basavanagudi,BJP,"BA from Banglore University in 1984, MBA from CSM Institute of Graduate Studies, Year-2004",43876,8YJWfokM,55,0.0,29340256.0,3582855.0,Postgraduates,B.B.M.P(South),"MLA, Drawing Salary, Interest income on Deposits and Agriculture Income",Income from Running Educational Institute and having interest on deposits,"Politics / Public Service, Banking / Finance, Agriculture / Farming","Business / Entrepreneurship, Social Work / Activism",M,GEN,198604,103647,42.33,170
175,R.V.Devaraj,Chickpet,INC,"B.A FROM GURU GHASIDAS UNIVERSITY, BILASPUR (C.G), 2007",44714,JYKEeSo5,55,0.0,320838000.0,75677342.0,Graduates,B.B.M.P(Central),Business,Housewife,Business / Entrepreneurship,Education / Academia,M,GEN,187694,108814,41.09,169
176,S.T. Somashekar,Yeshvanthapura,INC,BSc,120380,QCJ856GY,55,0.0,70064872.0,30053411.0,Graduates,Bangalore Urban,Private Transport,Housewife,Transportation / Logistics,Education / Academia,M,GEN,349639,231515,52.0,153
177,S.Madhu Bangarappa,Sorab,JD(S),B.A. Bangalore University in 1988,58541,RTg4x9hk,47,0.0,332325000.0,156544875.0,Graduates,Shimoga,self employed and agriculture,Homemaker,"Business / Entrepreneurship, Agriculture / Farming",Not Given,M,GEN,172035,141159,41.47,116
178,S.N Narayanaswamy K.M,Bangarapet,INC,"SSLC from Govt Boys Junior College,. Bangarpet",71570,jygZiuFs,45,0.0,106774940.0,37406757.0,Secondary Education,Kolar,Business Agriculture,House wife Business,"Business / Entrepreneurship, Agriculture / Farming",Business / Entrepreneurship,M,SC,172912,141858,50.45,147
179,S.R.Srinivas,Gubbi,JD(S),B.A. From Tumkur University,58783,NL7Emv9q,51,0.0,19080210.0,6975441.0,Graduates,Tumkur,Bussiness and Agriculture,House Wife,"Business / Entrepreneurship, Agriculture / Farming",Cound't Classify,M,GEN,167885,139659,42.09,135
180,S. N. Subbareddy (Chinnakayalapalli),Bagepalli,IND,"SSLC in 1983 from Govt. High School,Gulur Bagepalli Taluk and TCH .Venketesh TCH Training college Marathalli ,Banglore 1986",66227,TMNwcANi,47,0.0,864199071.0,190861001.0,Secondary Education,Chikkaballapur,Hotel Bussiness,Hotel Bussiness,"Hospitality / Tourism, Business / Entrepreneurship","Hospitality / Tourism, Business / Entrepreneurship",M,GEN,175917,150498,44.01,140
181,Sambhaji Lakshman Patil,Belgaum Dakshin,IND,"6th Standard in 1966 from MBS 18,Shahapur",54426,er9LroAT,62,1.0,208404808.0,14286364.0,Primary Education,Belgaum,Agriculturist Partner in milk dairy firm,Partner in milk dairy firm,Agriculture / Farming,Agriculture / Farming,M,GEN,202238,131946,41.25,12
182,S.Suresh Kumar,Rajaji Nagar,BJP,B.Sc LLB From Bangalore University In 1980,39291,a97nMPyP,57,1.0,26451449.0,1272623.0,Graduates,B.B.M.P(Central),"MLA, Rajajinagar","Chief Editor, Cine Jossh Monthly Magazine","Politics / Public Service, Law Enforcement / Security",Arts / Entertainment,M,GEN,176249,107802,36.45,165
183,S. Thippeswamy,Molakalmuru,BSRC,"BA, B.Ed",76827,WWu5uzNU,64,0.0,13050000.0,100000.0,Graduates,Chitradurga,Agriculture,Not Given,Agriculture / Farming,Cound't Classify,M,ST,207158,164413,46.73,97
184,Sanjay B Patil,Belgaum Rural,BJP,"Diploma in Automobile Engineering, 1993-94, Gomatesh Poly Technic Belgaum",38322,a6TCSxCk,44,2.0,74108226.0,9313543.0,Diploma Holders,Belgaum,Social Worker,Fashion Designer,Social Work / Activism,Arts / Entertainment,M,GEN,205568,152059,25.2,13
185,S R Vishwanath,Yelahanka,BJP,"B.E. Mechannical Engineering, MR Jayram Institute, Shivajinagar",75507,bgjf5KoC,50,0.0,221864830.0,20900000.0,Graduates,Bangalore Urban,"Agriculturist, Social Service","Agriculturist, Social Service, President of Zilla Parishad","Agriculture / Farming, Social Work / Activism","Agriculture / Farming, Social Work / Activism",M,GEN,293238,196147,38.5,150
186,S. Raghu,C.V. Raman Nagar,BJP,"Diploma In Civil Engineering At Acharya Pata Shala At Bangalore In The Year 1990, And Bachelor Of Civil Engineering At Dayananda Sagar College Bangalore In The Year 1995 With In Bangalore University",53364,C5j4xvZa,43,0.0,316420000.0,2500000.0,Diploma Holders,B.B.M.P(North),MLA,House Wife,Politics / Public Service,Cound't Classify,M,SC,197124,106178,50.26,161
187,Santeesh Sail Krishna,Karwar,IND,B.Sc.Govt.Arts Science College,80727,J8tcSqJ9,45,6.0,664607591.0,341097550.0,Graduates,Uttara Kannada,Business,Business,Business / Entrepreneurship,Business / Entrepreneurship,M,GEN,205831,145439,55.51,77
188,Santhosh Lad,Kalghatgi,INC,B.com from SES College Sandur Taluk Bellary District in the year 1996,76802,Tes3FtjC,38,0.0,1864009320.0,140587660.0,Graduates,Dharwad,Business,House wife,Business / Entrepreneurship,Not Given,M,GEN,168350,131588,58.37,75
189,S. Jayanna,Kollegal,INC,M.A. Year-1978-79,47402,4xdRmqMj,61,0.0,14740000.0,2865000.0,Postgraduates,Chamarajnagar,Agriculture,Not Given,Agriculture / Farming,Cound't Classify,M,SC,191581,146477,32.36,222
190,S.S.Mallikarjun,Davanagere North,INC,"B.Com. from M..S.B. College of Commerce, Davangere Mysore University in April 1990, P.U.C. from A.R.G. College Davangere in April 1986, S.S.L.C. from D.R.R. High School Davangere in April 1983",88101,hcxkecnp,45,4.0,602024677.0,126426164.0,Graduates,Davangere,"Managing Director, Indian Cane Power Ltd Davangere",House Wife,Business / Entrepreneurship,Cound't Classify,M,GEN,208005,134450,65.53,106
191,Shivanand S Patil,Basavana Bagevadi,INC,"DIPLOMO IN PHARAMACY FROM KLE'S J N MEDICAL COLLEGE BELGAUM,YEAR-1981",56329,QzdSFdpM,53,2.0,87033766.0,18267038.0,Diploma Holders,Bijapur,Medical Business and Agriculture,Private Job Agriculture,"Medicine / Healthcare, Business / Entrepreneurship",Agriculture / Farming,M,GEN,175846,126819,44.42,28
192,Shamanur Shivashankarappa,Davanagere South,INC,"Intermediate from D.R.M Science College, Davangere in 1951",66320,n9JLEag8,81,4.0,678978344.0,184206483.0,Secondary Education,Davangere,"Chairman, Davangere Sugar Co. Ltd., Chairman, Indian Cane Power Ltd.",Not Given,Business / Entrepreneurship,Cound't Classify,M,GEN,182370,120410,55.08,107
193,Satish Laxmanarao Jarakiholi,Yemkanmardi,INC,"P.U.C. from J.S.S. Art's, Science Commerce College Gokak in the year 1981",70726,AyZGDumq,50,0.0,630518613.0,64075834.0,Higher Secondary Education,Belgaum,Agriculturist Business,Agriculturist Business,"Agriculture / Farming, Business / Entrepreneurship","Agriculture / Farming, Business / Entrepreneurship",M,ST,162258,124560,56.78,10
194,Sharada Pooryanaik,Shimoga Rural,JD(S),"PUC, 1987",48639,4VMtvAaF,42,0.0,16538455.0,2418941.0,Higher Secondary Education,Shimoga,Petrol Pump Owner Mining Crusher,Not Given,"Business / Entrepreneurship, Construction / Real Estate",Cound't Classify,F,SC,186016,143288,33.94,111
195,Sharada Mohan Shetty,Kumta,INC,PUC FROM SIRSI,36756,9QqV3nfP,51,0.0,55810894.0,32063604.0,Higher Secondary Education,Uttara Kannada,Businessman,Not Given,Business / Entrepreneurship,Cound't Classify,F,GEN,167620,124257,29.58,78
196,Siddaramaiah,Varuna,INC,"B.Sc. Yuvaraj's College, Mysore L.L.B. -Sharada Vilas Law College,Mysorein 1972",84385,XPzgp4eA,64,0.0,136124398.0,28894264.0,Graduates,Mysore,MLA,House Wife,Politics / Public Service,Cound't Classify,M,GEN,194915,160641,52.53,219
197,Siddu B. Nyamagouda,Jamkhandi,INC,B.Sc KARNATAKA UNIVERSITY,49145,NHMpBzjS,63,1.0,36384575.0,,Graduates,Bagalkot,Agriculturist,HOUSE WIFE,Agriculture / Farming,Not Given,M,GEN,176718,131750,37.3,21
198,Sudhakara D,Hiriyur,INC,"B.Com in the year 1982, Mysore University",71661,dHGicj4n,52,2.0,297797492.0,127024873.0,Graduates,Chitradurga,Business,House wife Business,Business / Entrepreneurship,Business / Entrepreneurship,M,GEN,216172,160397,44.68,100
199,Shashikala Annasaheb Jolle,Nippani,BJP,SSLC From SDT High School Ghataprabha in the year 1985,81860,gSbfYXhp,45,0.0,248027072.0,89836187.0,Secondary Education,Belgaum,Business and Agriculture,Business and Agriculture,"Business / Entrepreneurship, Agriculture / Farming","Business / Entrepreneurship, Agriculture / Farming",F,GEN,189696,152690,53.61,1
200,Shivanna.B,Anekal,INC,"M.Sc-Bangalore University, 1992,LLB-Islamia Law College, Bangalore-1995",105464,EghdV8sk,46,0.0,70695000.0,936000.0,Postgraduates,Bangalore Urban,Social Service,House Wife and Social Service,Social Work / Activism,Social Work / Activism,M,SC,270767,186461,56.56,177
201,T B Jayachandra,Sira,INC,"L.L.B Vidyodaya Law College Tumkur Bangalore University 1972, B.SC, Govt First Grade College Tumkur Maysore University 1969",74089,Fs5C2gsq,64,0.0,124301835.0,,Postgraduates,Tumkur,Advocate,Agriculturist,Law / Judiciary,Agriculture / Farming,M,GEN,201521,159445,46.47,136
202,Shakunthala T. Shetty,Puttur,INC,"10th Pass From Satyanarayana School, Perla, Kasaragod In 1965",66345,5iPMiD9C,66,0.0,12712877.0,3000000.0,Secondary Education,Dakshina Kannada,Former,no,Not Given,Cound't Classify,F,GEN,179600,142808,46.46,206
203,U.T. Khadar,Mangalore,INC,L.L.B S.D.M.Law College Manglore University 2003,69450,oTfxQiHF,43,1.0,11122027.0,,Graduates,Dakshina Kannada,Advocate,Bussiness,Law / Judiciary,Business / Entrepreneurship,M,GEN,168319,124927,55.59,204
204,T.Venkataramanaiah,Doddaballapur,INC,Govt High school Doddabelavangala,38877,6pJEvc6s,52,0.0,112615778.0,14019303.0,Secondary Education,Bangalore Rural,Own Business,Not Given,Business / Entrepreneurship,Cound't Classify,M,GEN,183115,148302,26.21,180
205,T.H. Suresh Babu,Kampli,BSRC,ENGINEERING,70858,VJJMXGnT,31,2.0,65222822.0,26406888.0,Technical/Professional Courses,Bellary,ENGINEER,HOUSEHOLD,Engineering / Technology,Not Given,M,ST,182270,140277,50.51,91
206,T.Raghumurthy,Challakere,INC,B.E CIVIL,60197,Vz2tXZ4U,50,0.0,13369632.0,,Diploma Holders,Chitradurga,AGRICULTURE AND SOCIAL AWORKER,HOUSE WIFE,"Agriculture / Farming, Social Work / Activism",Not Given,M,ST,188758,147776,40.74,98
207,Tanveer Sait,Narasimharaja,INC,"BBM (incomplete) from Vidyavardhaka College, Mysore 1988-90",38037,NzS66Xrq,44,0.0,50895493.0,5410893.0,Graduates,Mysore,Businessman,Businesswoman,Business / Entrepreneurship,Business / Entrepreneurship,M,GEN,211635,115764,32.86,218
208,Umashree,Terdal,INC,MA Political Science From Karnataka State Open University Mysore 2011,70189,LVqGiWBV,55,2.0,33935373.0,2217199.0,Postgraduates,Bagalkot,Social Work Film Actor,Divorced,"Social Work / Activism, Arts / Entertainment",Cound't Classify,F,GEN,192780,151562,46.31,20
209,Umesh G. Jadav,Chincholi,INC,M.S. IN GENERAL SURGERY FROM BANGALORE MEDICAL COLLEGE IN 1991,58599,cBLL7Avc,54,1.0,21372074.0,1815000.0,Technical/Professional Courses,Gulbarga,Doctor,House hold,Medicine / Healthcare,Not Given,M,SC,169337,112983,51.87,42
210,Umesh Katti,Hukkeri,BJP,PUC 1st Year Pass From KLE Societies RLS Collage Belgaum In 1980,81810,U73y5xAx,52,0.0,144918425.0,17908000.0,Higher Secondary Education,Belgaum,Agricultural Industrialist,House Wife,Agriculture / Farming,Cound't Classify,M,GEN,175565,132961,61.53,7
211,V. Sunill Kumar,Karkal,BJP,BA (1997),65039,Z5rjFcrs,37,1.0,12013319.0,,Graduates,Udupi,Agriculture Business,House Wife,"Agriculture / Farming, Business / Entrepreneurship",Cound't Classify,M,GEN,161008,130474,49.85,122
212,U. B. Banakar,Hirekerur,KJP,"B.A., LLB",52623,GqtAVPbf,53,0.0,14024569.0,300000.0,Graduates,Haveri,Advocate Agriculture,House Wife,"Law / Judiciary, Agriculture / Farming",Cound't Classify,M,GEN,162016,132997,39.57,86
213,V.Srinivasa Prasad,Nanjangud,INC,"M.A POLITICAL MANASA GANGOTHRI, MYSORE UNIVERCITY (1987)",50784,VK8zTh6b,64,0.0,38570604.0,2791748.0,Postgraduates,Mysore,LPG GAS SUPPLIER,House Wife,Business / Entrepreneurship,Cound't Classify,M,SC,185095,141009,36.01,214
214,Vadnal Rajanna,Channagiri,INC,Unknown,53355,ZwSgRt8V,61,0.0,163298900.0,2452000.0,Unknown,Davangere,Agriculture and Business,Agriculture,"Agriculture / Farming, Business / Entrepreneurship",Agriculture / Farming,M,GEN,175842,143385,37.21,109
215,Thipparaja Hawaldar,Raichur Rural,BJP,B.Ed FROM GULBARGA UNIVERSITY,50497,a8Rpbgyt,36,0.0,8999838.0,44902.0,Graduates,Raichur,AGRICULTURE SOCIAL SERVICE,HOUSEWIFE AGRICULTURE,"Agriculture / Farming, Social Work / Activism","Social Work / Activism, Agriculture / Farming",M,ST,195582,134739,37.48,53
216,Vasu,Chamaraja,INC,M.A. Mysore Univercity Mysore 1991-92,41930,fGR4pbtw,60,3.0,125662258.0,47431000.0,Postgraduates,Mysore,Agriculturist,Not Given,Agriculture / Farming,Cound't Classify,M,GEN,198462,109938,38.14,217
217,Yashavantharayagouda Patil,Indi,INC,JSS COLLEGE DARWAD IN 1987,58562,8zmruzxf,45,3.0,7250000.0,2663000.0,Graduates,Bijapur,SELF BUSINESS,HOUSE WIFE,Business / Entrepreneurship,Not Given,M,GEN,200749,138775,42.2,32
218,Vishwanath Mamani,Saundatti Yellamma,BJP,"B.Com II from S.V.S. Bellubbi College Saundatti Karnataka University 1986, PUC from S.K. Composiste Jr. College Saundtt in 1984, SSLC from S.K. Composie Jr. College Saundatti in 1982",46434,VF4HjiFB,46,0.0,32041091.0,2705471.0,Graduates,Belgaum,Agriculturist,House Wife,Agriculture / Farming,Cound't Classify,M,GEN,168709,133145,34.87,17
219,Vijayanand Kashappanavar,Hungund,INC,Unknown,72720,8v9DQGQR,41,5.0,10121783.0,4270516.0,Unknown,Bagalkot,Agriculture and Business,House Wife,"Agriculture / Farming, Business / Entrepreneurship",Cound't Classify,M,GEN,191972,137024,53.07,25
220,Y.S.V.Datta,Kadur,JD(S),B.Sc,68733,L2kRNfY7,59,4.0,8212730.0,2300000.0,Graduates,Chikmagalur,Private Teacher,House Wife,Education / Academia,Cound't Classify,M,GEN,182892,141538,48.56,127
221,Vishwanath Patil,Bailhongal,KJP,"Bachelor of Medicine Surgery (M.B.B.S), Jawaharlal Nehru Medical College Belgaum, Dharwad 1992",40709,HhEZ6rp3,48,0.0,24147560.0,3722455.0,Doctorates,Belgaum,Agriculture and medical practitioner,Housewife,"Medicine / Healthcare, Agriculture / Farming",Education / Academia,M,GEN,163270,126797,32.11,16
222,Vinay Kumar Sorake,Kapu,INC,Karnataka University,52782,i8PWzQuN,58,1.0,15192764.0,4599133.0,Graduates,Udupi,Social Service,Housewife,Social Work / Activism,Education / Academia,M,GEN,155380,113861,46.36,121
223,Vinay Kulkarni,Dharwad,INC,B.Sc Agriculture,53453,Pf2JM7sg,46,2.0,85627673.0,721943.0,Graduates,Dharwad,Agriculture,Milk Dairy,Agriculture / Farming,Agriculture / Farming,M,GEN,183561,133018,40.18,71
