,Year,const_num,constituency,total_const_votes,winner_name,winner_party,winner_votes,runner_name,runner_party,runner_votes,vote_difference,margin_percent
0,2013,1,Nippani,152690.0,Jolle Shashikala Annasaheb,BJP,81860.0,Kakaso Pandurang Patil,INC,63198.0,18662.0,12.222149453140348
1,2013,2,Chikkodi-Sadalga,149375.0,Prakash Babanna Hukkeri,INC,102237.0,Basavanni Rudrappa Sangappagol,BJP,25649.0,76588.0,51.272301255230126
2,2013,3,Athani,146290.0,Laxman Sangappa Savadi,BJP,74299.0,Mahesh Iranagouda Kumathalli,INC,50528.0,23771.0,16.249230979561148
3,2013,4,Kagwad,129200.0,Bharamgoud Alagoud Kage,BJP,41784.0,Shrimant Balasaheb Patil,JD(S),38897.0,2887.0,2.2345201238390096
4,2013,5,Kudachi,115375.0,P.Rajeev,BSRC,71057.0,Ghatage Shama Bhima,INC,24823.0,46234.0,40.07280606717226
5,2013,6,Raybag,122106.0,Aihole Duryodhan Mahalingappa,BJP,37535.0,Pradeep Ramu Malagi,IND,36706.0,829.0,0.6789183168722257
6,2013,7,Hukkeri,132961.0,Umesh Vishwanath Katti,BJP,81810.0,Ravi Basavaraj Karale,INC,24484.0,57326.0,43.11489835365258
7,2013,8,Arabhavi,145099.0,Balachandra Laxmanrao Jarkiholi,BJP,99283.0,Utagi Ramappa Kareppa,INC,24062.0,75221.0,51.84115672747572
8,2013,9,Gokak,144327.0,Jarkiholi Ramesh Laxmanrao,INC,79175.0,Ashok Ningayyaswami Pujari,JD(S),51170.0,28005.0,19.403853748778815
9,2013,10,Yemkanmardi,124560.0,Satish Laxmanarao Jarakiholi,INC,70726.0,Astagi Maruti Mallappa,BJP,46376.0,24350.0,19.548811817597944
10,2013,11,Belgaum Uttar,115183.0,Fairoz Nuruddin Saith,INC,45125.0,Renu Suhas Killekar,IND,26915.0,18210.0,15.80962468419819
11,2013,12,Belgaum Dakshin,131946.0,Sambhaji Lakshman Patil,IND,54426.0,Abhay Patil,BJP,48116.0,6310.0,4.782259409152229
12,2013,13,Belgaum Rural,152059.0,Sanjay B Patil,BJP,38322.0,Kinekar Manohar Kallappa,IND,36987.0,1335.0,0.8779486909686371
13,2013,14,Khanapur,134890.0,Arvind Chandrakant Patil,IND,37055.0,Rafique Khatalsab Khanapuri,INC,20903.0,16152.0,11.974201200978575
14,2013,15,Kittur,125970.0,Inamadar Danappagouda Basanagouda,INC,53924.0,Suresh Shivarudrappa Marihal,BJP,35634.0,18290.0,14.51932999920616
15,2013,16,Bailhongal,126797.0,Dr Vishwanath Iranagouda Patil,KJP,40709.0,Jagadish C. Metgud,BJP,37088.0,3621.0,2.8557457984021704
16,2013,17,Saundatti Yellamma,133145.0,Anand Alias Vishwanath Chandrashekhar Mamani,BJP,46434.0,Ravindra Bhupalappa Yaligar,INC,30392.0,16042.0,12.048518532427053
17,2013,18,Ramdurg,129132.0,Ashok Mahadevappa Pattan,INC,42310.0,Yadawad Shivalingappa Mahadevappa,BJP,37326.0,4984.0,3.859616516432798
18,2013,19,Mudhol,129099.0,Govind.M.Karjol,BJP,64727.0,Timmapur.Ramappa. Balappa.,INC,59549.0,5178.0,4.0108753747124295
19,2013,20,Terdal,151562.0,Umashree,INC,70189.0,Siddu Savadi,BJP,67590.0,2599.0,1.7148097808157718
20,2013,21,Jamkhandi,131750.0,Siddu B. Nyamagouda,INC,49145.0,Jagadish Gudagunti,IND,27993.0,21152.0,16.054648956356736
21,2013,22,Bilgi,149179.0,J . T. Patil,INC,66655.0,Muragesh. Rudrappa. Nirani,BJP,55417.0,11238.0,7.533231889206926
22,2013,23,Badami,139071.0,Chimmanakatti Balappa Bhimappa,INC,57446.0,Mahantesh Gurupadappa Mamadapur,JD(S),42333.0,15113.0,10.867111043999108
23,2013,24,Bagalkot,139966.0,Meti Hullappa Yamanappa,INC,68216.0,Charantimath Veeranna Chandrashekharayya,BJP,65316.0,2900.0,2.0719317548547505
24,2013,25,Hungund,137024.0,Kashappanavar Vijayanand Shivashankrappa,INC,72720.0,Doddanagouda G Patil,BJP,56923.0,15797.0,11.528637319009809
25,2013,26,Muddebihal,114726.0,Appaji Urf Channabasavaraj Shankarao Nadagoud,INC,34747.0,Vimalabai Jagadevrao Deshmukh,KJP,22545.0,12202.0,10.635775674215086
26,2013,27,Devar Hippargi,115245.0,Aminappagouda Sanganagouda Patil,INC,36231.0,Somanagouda. B. Patil (Sasanur),BJP,28135.0,8096.0,7.025033624018395
27,2013,28,Basavana Bagevadi,126819.0,Shivanand S Patil,INC,56329.0,Bellubbi Sangappa Kallappa,BJP,36653.0,19676.0,15.515025351090925
28,2013,29,Babaleshwar,134348.0,M.B.Patil,INC,62061.0,Patil Vijugouda,JD(S),57706.0,4355.0,3.2415815642957098
29,2013,30,Bijapur City,119021.0,Makbul S Bagawan,INC,48615.0,Basanagouda R Patil (Yatnal),JD(S),39235.0,9380.0,7.880962183144151
30,2013,31,Nagthan,140024.0,Raju Alagur,INC,45570.0,Devanand Phulsing Chavan,JD(S),44903.0,667.0,0.4763469119579501
31,2013,32,Indi,138775.0,Yashavantarayagouda Vittalagouda Patil,INC,58562.0,Ravikant Shankreppa Patil,KJP,25260.0,33302.0,23.997117636461898
32,2013,33,Sindgi,128355.0,Bhusanur Ramesh Balappa,BJP,37834.0,Managuli Mallappa Channaveerappa,JD(S),37082.0,752.0,0.5858751119940788
33,2013,34,Afzalpur,128606.0,Malikayya Venkayya Guttedar,INC,38093.0,M.Y.Patil,KJP,32855.0,5238.0,4.072904841142715
34,2013,35,Jevargi,144563.0,Ajay Dharam Singh,INC,67038.0,Doddappa Gouda S. Patil Naribola,BJP,30338.0,36700.0,25.386855557784493
35,2013,36,Shorapur,146207.0,Raja Venkatappa Nayak,INC,65033.0,Narasimhanayak (Rajugouda),JD(S),60958.0,4075.0,2.7871442543790654
36,2013,37,Shahapur,127118.0,Guru Patil Shiraval,KJP,54924.0,Sharanabasappagouda Darshanpur,INC,49128.0,5796.0,4.5595431016850485
37,2013,38,Yadgir,119778.0,Dr. Maalakareddy,INC,40434.0,Veer Baswant Reddy,KJP,31330.0,9104.0,7.600728013491626
38,2013,39,Gurmitkal,129030.0,Baburao Chinchanasoor,INC,36051.0,Nagana Gouda Kandakura,JD(S),34401.0,1650.0,1.278772378516624
39,2013,40,Chittapur,123716.0,Priyank M. Kharge,INC,69379.0,Valmiki Naik,BJP,38188.0,31191.0,25.211775356461573
40,2013,41,Sedam,135976.0,Dr Sharanprakash Patil,INC,53546.0,Rajkumar Patil,BJP,41651.0,11895.0,8.747867270694828
41,2013,42,Chincholi,112983.0,Dr Umesh G Jadav,INC,58599.0,Sunil Vallyapur,KJP,32539.0,26060.0,23.065416921129728
42,2013,43,Gulbarga Rural,123418.0,G.Ramkrishna,INC,40075.0,Revunayak Belamgi,BJP,32866.0,7209.0,5.8411252815634676
43,2013,44,Gulbarga Dakshin,117303.0,Dattatraya C. Patil Revoor (Appu Gouda),BJP,36850.0,Shashil.G.Namoshi,JD(S),26880.0,9970.0,8.499356367697331
44,2013,45,Gulbarga Uttar,104839.0,Qamar Ul Islam,INC,50498.0,Nasir Hussain Ustad,KJP,30377.0,20121.0,19.19228531367144
45,2013,46,Aland,132385.0,B.R. Patil,KJP,67085.0,Guttedar Subhash Rukmayya,JD(S),49971.0,17114.0,12.92744646296786
46,2013,47,Basavakalyan,126172.0,Mallikarjun Sidramappa Khuba,JD(S),37494.0,B. Narayanrao,INC,21601.0,15893.0,12.596297118219574
47,2013,48,Humnabad,136013.0,Rajashekhar Basavaraj Patil,INC,64694.0,M. Naseenoddin Patel,JD(S),40194.0,24500.0,18.012984052994934
48,2013,49,Bidar South,124857.0,Ashok Kheny,KMP,47763.0,Bandeppa Khashempur,JD(S),31975.0,15788.0,12.644865726390991
49,2013,50,Bidar,112971.0,Gurupadappa Nagamarpalli,KJP,50718.0,Raheem Khan,INC,48147.0,2571.0,2.2758052951642456
50,2013,51,Bhalki,147091.0,Eshwara Khandre,INC,58012.0,Sidram D.K.,KJP,48343.0,9669.0,6.573481722199183
51,2013,52,Aurad,129101.0,Prabhu B. Chavan,BJP,61826.0,Dhanaji Bheema Jadhav,KJP,38635.0,23191.0,17.96345496936507
52,2013,53,Raichur Rural,134739.0,Thipparaju,BJP,50497.0,Raja Rayappa Naik,INC,47227.0,3270.0,2.4269142564513615
53,2013,54,Raichur,99286.0,Dr. Shivaraj Patil S.,JD(S),45263.0,Syed Yasin,INC,37392.0,7871.0,7.927603086034285
54,2013,55,Manvi,121974.0,G.Hampayya Sahukar Ballatagi,INC,50619.0,Raja Venkatappa Nayak Raja Ambanna Nayak,JD(S),43632.0,6987.0,5.728269959171627
55,2013,56,Devadurga,127422.0,A. Venkatesh Naik,INC,62070.0,Arakera K Shivanagouda Nayak,BJP,58370.0,3700.0,2.9037371882406493
56,2013,57,Lingsugur,129580.0,Manappa D.Vajjal,JD(S),31737.0,D.S.Hoolageri,INC,30451.0,1286.0,0.992437104491434
57,2013,58,Sindhanur,145208.0,Badarli Hampanagouda,INC,49213.0,K.Kariyappa,BSRC,36197.0,13016.0,8.963693460415405
58,2013,59,Maski,105728.0,Pratapgowda Patil,INC,45552.0,Mahadevappa Gowda,KJP,26405.0,19147.0,18.109677663438255
59,2013,60,Kushtagi,138246.0,Doddanagouda Hanamagouda Patil,BJP,44007.0,Amaregouda Linganagouda Patil Bayyapur,INC,40970.0,3037.0,2.1968085875902377
60,2013,61,Kanakagiri,135446.0,Shivaraj Sangappa Tangadagi,INC,49451.0,Basavaraj Dadhesuguru,KJP,44399.0,5052.0,3.72989973864123
61,2013,62,Gangawati,125343.0,Iqbal Ansari,JD(S),60303.0,Paranna Eshwarappa Munavalli,BJP,30514.0,29789.0,23.765986134048173
62,2013,63,Yelburga,136729.0,Basavaraj Rayaraddy,INC,52388.0,Achar Halappa Basappa,BJP,35488.0,16900.0,12.360216194077335
63,2013,64,Koppal,151417.0,K.Raghavendra Basavaraj Hitnal,INC,81062.0,Karadi Sanganna Amarappa,BJP,54274.0,26788.0,17.691540579987716
64,2013,65,Shirahatti,131227.0,Doddamani Ramakrishna Shiddlingappa,INC,44738.0,Ramappa Sobeppa Lamani,BJP,44423.0,315.0,0.2400420645141625
65,2013,66,Gadag,136314.0,H K Patil,INC,70475.0,Anil Prakashbabu Mensinkai,BSRC,36748.0,33727.0,24.74213947210118
66,2013,67,Ron,145905.0,Gurupadagouda Sanganagouda Patil,INC,74593.0,Kalakappa Gurushanthappa Bandi,BJP,56366.0,18227.0,12.492375175627977
67,2013,68,Nargund,128630.0,B R Yavagal,INC,59620.0,C C Patil,BJP,51035.0,8585.0,6.674181761641919
68,2013,69,Navalgund,137347.0,N.H.Konaraddi,JD(S),44448.0,Patil Munenakoppa Shankar,BJP,41779.0,2669.0,1.9432532199465589
69,2013,70,Kundgol,129517.0,Channabasappa Satyappa Shivalli,INC,52690.0,Chikkangoudra Siddangouda Ishwargoud,KJP,31618.0,21072.0,16.269678883853082
70,2013,71,Dharwad,133018.0,Vinay Kulkarni,INC,53453.0,Amrut Ayyappa Desai,JD(S),35133.0,18320.0,13.772572133094767
71,2013,72,Hubli-Dharwad East,109094.0,Abbayya Prasad,INC,42353.0,Veerabhadrappa Halaharavi,BJP,28831.0,13522.0,12.394815480228061
72,2013,73,Hubli-Dharwad Central,117311.0,Jagadish Shettar,BJP,58201.0,Dr. Mahesh Nalwad,INC,40447.0,17754.0,15.134130644185115
73,2013,74,Hubli-Dharwad West,126910.0,Aravind Chandrakant Bellad,BJP,42003.0,S. R. Morey,INC,30821.0,11182.0,8.810968402805138
74,2013,75,Kalghatgi,131588.0,Santhosh S Lad,INC,76802.0,Nimbannavar Channappa Mallappa,KJP,31141.0,45661.0,34.69997264188224
75,2013,76,Haliyal,120150.0,Deshpande. R. V.,INC,55005.0,Sunil Hegade,JD(S),49066.0,5939.0,4.942987931751977
76,2013,77,Karwar,145439.0,Santeesh Sail Krishna,IND,80727.0,Asnotikar Anand Vasant,BJP,44847.0,35880.0,24.670136620851356
77,2013,78,Kumta,124257.0,Sharda Mohan Shetty,INC,36756.0,Dinakar Keshav Shetty,JD(S),36336.0,420.0,0.33800912624640866
78,2013,79,Bhatkal,134517.0,Mankala Subba Vaidya,IND,37319.0,Enayathullah Shabandri,JD(S),27435.0,9884.0,7.347770170313046
79,2013,80,Sirsi,131191.0,Anant Kageri Vishweshwar Hegde,BJP,42854.0,Ayyappanagar Deepak Honnavar,INC,39795.0,3059.0,2.331714827998872
80,2013,81,Yellapur,120745.0,Arbail Shivaram Hebbar,INC,58025.0,Patil Veerabhadragouda Shivanagouda,BJP,33533.0,24492.0,20.284069733736388
81,2013,82,Hangal,144395.0,Manohar H. Tahashildar,INC,66324.0,Udasi C.M,KJP,60638.0,5686.0,3.9378094809377053
82,2013,83,Shiggaon,150102.0,Basavaraj Bommai,BJP,73007.0,Khadri Sayed Azimpeer Sayed Kaderbasha,INC,63504.0,9503.0,6.331028234134122
83,2013,84,Haveri,150469.0,Rudrappa Manappa Lamani,INC,83119.0,Neharu Olekara,KJP,52911.0,30208.0,20.075896031740754
84,2013,85,Byadgi,149831.0,Basavaraj Neelappa Shivannanavar,INC,57707.0,Shivaraj Sajjanar,KJP,44348.0,13359.0,8.916045411163244
85,2013,86,Hirekerur,132997.0,U. B. Banakar,KJP,52623.0,B.C.Patil,INC,50017.0,2606.0,1.9594426941961098
86,2013,87,Ranibennur,159167.0,Koliwad K.B,INC,53780.0,R.Shankar,IND,46992.0,6788.0,4.2647031105694015
87,2013,88,Hadagalli,116099.0,P.T.Parameshwaranaik,INC,59336.0,B.Chandranaik,BJP,18526.0,40810.0,35.15103489263473
88,2013,89,Hagaribommanahalli,144826.0,Bheemanaik Lbp,JD(S),51972.0,K Nemaraja Naik,BJP,51847.0,125.0,0.08631046911466173
89,2013,90,Vijayanagara,124713.0,Anand Singh,BJP,69995.0,H.Abdul Wahab,INC,39358.0,30637.0,24.566003544137338
90,2013,91,Kampli,140277.0,T.H. Suresh Babu,BSRC,70858.0,J.N. Ganesh,IND,36462.0,34396.0,24.52005674486908
91,2013,92,Siruguppa,126777.0,B.M. Nagaraja,INC,65490.0,M.S. Somalingappa,BJP,43676.0,21814.0,17.20659110090947
92,2013,93,Bellary,130314.0,B. Sreeramulu,BSRC,74854.0,Asundi Vannurappa,INC,41560.0,33294.0,25.549058428104427
93,2013,94,Bellary City,119471.0,Anil Lad,INC,52098.0,S. Murali Krishna,BSRC,33898.0,18200.0,15.23382243389609
94,2013,95,Sandur,128384.0,E.Tukaram,INC,62246.0,Dhananjaya.R,JD(S),27615.0,34631.0,26.974545114656035
95,2013,96,Kudligi,132941.0,B. Nagendra,IND,71477.0,S. Venkatesha,INC,46674.0,24803.0,18.65714865993185
96,2013,97,Molakalmuru,164413.0,S. Thippeswamy,BSRC,76827.0,N. Y. Gopalakrishna,INC,69658.0,7169.0,4.360360798720296
97,2013,98,Challakere,147776.0,T Raghumurthy,INC,60197.0,K T Kumaraswamy,KJP,37074.0,23123.0,15.64733109571243
98,2013,99,Chitradurga,163365.0,G.H.Thippareddy,BJP,62228.0,Basavarajan (Basanna),JD(S),35510.0,26718.0,16.354788357359286
99,2013,100,Hiriyur,160397.0,D.Sudhakar,INC,71661.0,A.Krishnappa,JD(S),70456.0,1205.0,0.751260933807989
100,2013,101,Hosadurga,140003.0,B.G. Govindappa,INC,58010.0,Gulihatti D. Shekar,IND,37993.0,20017.0,14.297550766769284
101,2013,102,Holalkere,162979.0,H. Anjaneya,INC,76856.0,M. Chandrappa,KJP,63992.0,12864.0,7.893041434786078
102,2013,103,Jagalur,132149.0,H.P.Rajesh,INC,77805.0,S.V.Ramachandra,KJP,40915.0,36890.0,27.91545906514616
103,2013,104,Harapanahalli,150223.0,M P Ravindra,INC,56954.0,G Karunakarareddy,BJP,48548.0,8406.0,5.595681087449991
104,2013,105,Harihar,150743.0,H.S. Shivashankar,JD(S),59666.0,S.Ramappa,INC,40613.0,19053.0,12.639392873964297
105,2013,106,Davanagere North,134450.0,S S Mallikarjuna,INC,88101.0,S A Ravindranath,BJP,30821.0,57280.0,42.60319821494979
106,2013,107,Davanagere South,120410.0,Shamanur Shivashankarappa,INC,66320.0,Karekatte Syed Saifulla,JD(S),26162.0,40158.0,33.351050577194584
107,2013,108,Mayakonda,135030.0,K.Shivamurthy,INC,32435.0,N.Linganna,KJP,31741.0,694.0,0.5139598607716803
108,2013,109,Channagiri,143385.0,Vadnal Rajanna,INC,53355.0,K.Madal Virupakshappa,KJP,51582.0,1773.0,1.2365310178889004
109,2013,110,Honnali,149119.0,D. G Shantana Gowda,INC,78789.0,M. P. Renukacharya,KJP,60051.0,18738.0,12.56580315050396
110,2013,111,Shimoga Rural,143288.0,Sharada Pooryanaik,JD(S),48639.0,G.Basavannappa,KJP,38530.0,10109.0,7.0550220534866845
111,2013,112,Bhadravati,143556.0,Appaji. M.J,JD(S),78370.0,B.K.Sangameshwara,IND,34271.0,44099.0,30.719022541725877
112,2013,113,Shimoga,139648.0,K.B. Prasannakumar,INC,39355.0,S. Rudregowda,KJP,39077.0,278.0,0.1990719523373052
113,2013,114,Tirthahalli,139215.0,Kimmane Ratnakar,INC,37160.0,R. M. Manjunatha Gowda,KJP,35817.0,1343.0,0.9646948963832921
114,2013,115,Shikaripura,138566.0,B.S.Yadiyurappa,KJP,69126.0,H.S.Shanthaveerappagow Da(Shantanna),INC,44701.0,24425.0,17.62697920124706
115,2013,116,Sorab,141159.0,S.Madhu Bangarappa,JD(S),58541.0,H.Halappa,KJP,37316.0,21225.0,15.036235734172104
116,2013,117,Sagar,137407.0,Kagodu Thimmappa,INC,71960.0,B.R. Jayanth,KJP,30712.0,41248.0,30.01884911249063
117,2013,118,Byndoor,148090.0,K.Gopala Poojary,INC,82277.0,B.M. Sukumar Shetty,BJP,51128.0,31149.0,21.033830778580594
118,2013,119,Kundapura,138983.0,Halady Srinivasa Shetty,IND,80563.0,Mallyadi Shivarama Shetty,INC,39952.0,40611.0,29.22012044638553
119,2013,120,Udupi,138430.0,Pramod Madhwaraj,INC,86868.0,B. Sudhakar Shetty,BJP,47344.0,39524.0,28.55161453442173
120,2013,121,Kapu,113861.0,Vinay Kumar Sorake,INC,52782.0,Lalaji R.Mendon,BJP,50927.0,1855.0,1.62917943808679
121,2013,122,Karkal,130474.0,V.Sunill Kumar,BJP,65039.0,H.Gopal Bhandary,INC,60785.0,4254.0,3.2604197004767235
122,2013,123,Sringeri,119957.0,D.N. Jeevaraj,BJP,58402.0,T.D. Raje Gowda,INC,54950.0,3452.0,2.877697841726619
123,2013,124,Mudigere,110237.0,B.B. Ningaiah,JD(S),32417.0,B.N. Chandrappa,INC,31782.0,635.0,0.5760316409191106
124,2013,125,Chikmagalur,139045.0,C T Ravi,BJP,58683.0,K S Shanthe Gowda,INC,47695.0,10988.0,7.902477615160559
125,2013,126,Tarikere,124727.0,G.H Srinivasa,INC,35817.0,D.S Suresh,KJP,34918.0,899.0,0.7207741707890032
126,2013,127,Kadur,141538.0,Y.S.V.Datta,JD(S),68733.0,Belli Prakash,KJP,26300.0,42433.0,29.979934717178423
127,2013,128,Chiknayakanhalli,160826.0,C.B.Sureshbabu,JD(S),60759.0,J.C.Madhuswamy,KJP,49620.0,11139.0,6.9261189111213355
128,2013,129,Tiptur,140253.0,K.Shadakshari,INC,56817.0,B.C.Nagesh,BJP,45215.0,11602.0,8.272193821166034
129,2013,130,Turuvekere,140074.0,M.T.Krishnappa,JD(S),66089.0,Masala Jayaram,KJP,57164.0,8925.0,6.371632137298857
130,2013,131,Kunigal,142545.0,D. Nagarajaiah,JD(S),44575.0,D.Krishnakumar,BJP,34943.0,9632.0,6.757164404223228
131,2013,132,Tumkur City,138317.0,Dr. Rafeeq Ahmed S.,INC,43681.0,G.B. Jyothi Ganesh,KJP,40073.0,3608.0,2.608500762740661
132,2013,133,Tumkur Rural,146725.0,B.Suresh Gowda,BJP,55029.0,Gowrishankar.D.C.,JD(S),53457.0,1572.0,1.071392059976146
133,2013,134,Koratagere,152242.0,Sudhakara Lal .P.R,JD(S),72229.0,Dr. G.Parameshwara,INC,54074.0,18155.0,11.925092944128426
134,2013,135,Gubbi,139659.0,S R Shrinivas (Vasu),JD(S),58783.0,G.N. Bettaswamy,KJP,51539.0,7244.0,5.186919568377261
135,2013,136,Sira,159445.0,T B Jayachandra,INC,74089.0,B.Sathyanarayana,JD(S),59408.0,14681.0,9.207563736711718
136,2013,137,Pavagada,145380.0,K.M.Thimmarayappa,JD(S),68686.0,H.V.Venkatesh,INC,63823.0,4863.0,3.3450268262484526
137,2013,138,Madhugiri,147308.0,Kyatasandra N.Rajanna,INC,75086.0,M.V.Veerabhadraiah,JD(S),60659.0,14427.0,9.79376544383197
138,2013,139,Gauribidanur,149168.0,N H Shivashankara Reddy,INC,50131.0,K Jaipala Reddy,IND,44056.0,6075.0,4.072589295291215
139,2013,140,Bagepalli,150498.0,S.N Subbareddy(Chinnakayal Apalli),IND,66227.0,Sriramareddy G.V,CPM,35472.0,30755.0,20.43548751478425
140,2013,141,Chikkaballapur,146709.0,Dr. K Sudhakar,INC,74914.0,K P Bachegowda,JD(S),59866.0,15048.0,10.257039445432795
141,2013,142,Sidlaghatta,153740.0,M. Rajanna,JD(S),77931.0,V. Muniyappa,INC,62452.0,15479.0,10.068297125016262
142,2013,143,Chintamani,158113.0,J.K.Krishnareddy,JD(S),68950.0,Dr. M.C. Sudhakar,IND,67254.0,1696.0,1.0726505726916826
143,2013,144,Srinivaspur,168875.0,K.R.Rameshkumar,INC,83426.0,G.K.Venkatashivareddy,JD(S),79533.0,3893.0,2.305255366395263
144,2013,145,Mulbagal,138700.0,G.Manjunatha,IND,73146.0,N. Munianjappa,JD(S),39412.0,33734.0,24.321557317952415
145,2013,146,Kolar Gold Field,117374.0,Ramakka .Y,BJP,55014.0,M. Backthavachalam,JD(S),28992.0,26022.0,22.170156934244382
146,2013,147,Bangarapet,141858.0,S.N.Narayanaswamy.K.M,INC,71570.0,Em Narayanaswamy,BJP,43193.0,28377.0,20.003806623524934
147,2013,148,Kolar,163480.0,R. Vathur Prakash,IND,62957.0,K. Srinivasa Gowda,JD(S),50366.0,12591.0,7.701859554685589
148,2013,149,Malur,143121.0,K.S. Manjunathgowda,JD(S),57645.0,Krisshnaiah Setty Es.En. Maluru,IND,38876.0,18769.0,13.11407829738473
149,2013,150,Yelahanka,196147.0,S.R. Vishwanath,BJP,75507.0,B. Chandrappa,JD(S),57110.0,18397.0,9.379190097223002
150,2013,151,K.R.Pura,200184.0,B.A.Basavaraja,INC,106299.0,N.S.Nandiesha Reddy,BJP,82298.0,24001.0,11.989469687887144
151,2013,152,Byatarayanapura,208322.0,Krishna Byre Gowda,INC,96125.0,A.Ravi,BJP,63725.0,32400.0,15.552846074826471
152,2013,153,Yeshvanthapura,231515.0,S.T.Somashekar,INC,120380.0,T.N.Javarayi Gowda,JD(S),91280.0,29100.0,12.569379953782692
153,2013,154,Rajarajeshwarinagar,189998.0,Munirathna,INC,71064.0,K.L.R.Thimmananjaiah,JD(S),52251.0,18813.0,9.901683175612375
154,2013,155,Dasarahalli,191258.0,S Muniraju,BJP,57562.0,B L Shankar,INC,46734.0,10828.0,5.661462527057692
155,2013,156,Mahalakshmi Layout,147849.0,Gopalaiah .K.,JD(S),66127.0,N.L. Narendrababu,INC,50757.0,15370.0,10.395741601228279
156,2013,157,Malleshwaram,108299.0,Dr. Ashwath Narayan C. N.,BJP,57609.0,B. K. Shivaram.,INC,36543.0,21066.0,19.451703155153787
157,2013,158,Hebbal,115540.0,R. Jagadeesh Kumar,BJP,38162.0,C.K. Abdul Rahman Sharief,INC,33026.0,5136.0,4.445213778777912
158,2013,159,Pulakeshinagar,100501.0,Akhanda Srinivas Murthy.R,JD(S),48995.0,B.Prasanna Kumar,INC,38796.0,10199.0,10.148157729773834
159,2013,160,Sarvagnanagar,140672.0,K.J. George,INC,69673.0,Padmanabha Reddy,BJP,46820.0,22853.0,16.245592584167426
160,2013,161,C.V. Raman Nagar,106178.0,S. Raghu,BJP,53364.0,P. Ramesh,INC,44945.0,8419.0,7.929137862834108
161,2013,162,Shivajinagar,90895.0,R.Roshan Baig,INC,49649.0,Nirmal Surana,BJP,28794.0,20855.0,22.94405632873095
162,2013,163,Shanti Nagar,103610.0,N.A.Haris,INC,54342.0,K. Vasudeva Murthy,JD(S),34155.0,20187.0,19.483640575234052
163,2013,164,Gandhi Nagar,110828.0,Dinesh Gundu Rao,INC,54968.0,P C Mohan,BJP,32361.0,22607.0,20.398274804201105
164,2013,165,Rajaji Nagar,107802.0,S.Suresh Kumar,BJP,39291.0,R.Manjula Naidu,INC,24524.0,14767.0,13.698261627799113
165,2013,166,Govindraj Nagar,131237.0,Priyakrishna,INC,72654.0,H. Ravindra,BJP,30194.0,42460.0,32.353680745521466
166,2013,167,Vijay Nagar,133197.0,M.Krishnappa,INC,76891.0,V.Somanna,BJP,44249.0,32642.0,24.506557955509507
167,2013,168,Chamrajpet,107679.0,B.Z.Zameer Ahmed Khan,JD(S),56339.0,G.A.Bava,INC,26177.0,30162.0,28.011032791909287
168,2013,169,Chickpet,108814.0,R.V. Devraj,INC,44714.0,Uday.B.Garudachar,BJP,31655.0,13059.0,12.001213079199367
169,2013,170,Basavanagudi,103647.0,Ravi Subramanya.L.A.,BJP,43876.0,K.Bagegowda,JD(S),24163.0,19713.0,19.0193638021361
170,2013,171,Padmanaba Nagar,128353.0,R Ashoka,BJP,53680.0,L.S.Chethan Gowda,INC,33557.0,20123.0,15.677857159552172
171,2013,172,B.T.M.Layout,110486.0,Ramalingareddy,INC,69712.0,N. Sudhakar,BJP,20664.0,49048.0,44.392954763499446
172,2013,173,Jayanagar,95565.0,B.N. Vijayakumar,BJP,43990.0,M.C.Venugopal,INC,31678.0,12312.0,12.883377805681997
173,2013,174,Mahadevapura,226749.0,Arvind Limbavali,BJP,110244.0,A.C.Srinivas,INC,104095.0,6149.0,2.711809092873618
174,2013,175,Bommanahalli,174734.0,Sathish Reddy.M,BJP,86552.0,Nagabhushana.C,INC,60700.0,25852.0,14.795059919649296
175,2013,176,Bangalore South,250737.0,M. Krishnappa,BJP,102207.0,R. Prabhakara Reddy,JD(S),72045.0,30162.0,12.029337513011642
176,2013,177,Anekal,186461.0,Shivanna B.,INC,105464.0,A. Narayanaswamy,BJP,65282.0,40182.0,21.54981470656062
177,2013,178,Hosakote,166395.0,M.T.B. Nagaraj,INC,85238.0,B N Bachegowda,BJP,78099.0,7139.0,4.290393341146069
178,2013,179,Devanahalli,153547.0,Pilla Munishamappa,JD(S),70323.0,Venkataswamy,INC,68381.0,1942.0,1.264759324506503
179,2013,180,Doddaballapur,148302.0,T.Venkataramanaiah (Appakaranahalli T.Venkatesh),INC,38877.0,B Munegowda,IND,37430.0,1447.0,0.9757117233752747
180,2013,181,Nelamangala,139664.0,Dr K Srinivasamurthy,JD(S),60492.0,Anjanamurthy,INC,45389.0,15103.0,10.813810287547257
181,2013,182,Magadi,170066.0,H.C.Balakrishna,JD(S),74821.0,A.Manjunath,INC,60462.0,14359.0,8.443192642856303
182,2013,183,Ramanagaram,148705.0,H D Kumara Swamy,JD(S),83447.0,Maridevaru,INC,58049.0,25398.0,17.079452607511517
183,2013,184,Kanakapura,176151.0,D.K. Shivakumar,INC,100007.0,P.G.R Sindhia,JD(S),68583.0,31424.0,17.8392401973307
184,2013,185,Channapatna,168511.0,C P Yogeshwara,SP,80099.0,Anitha Kumaraswamy,JD(S),73635.0,6464.0,3.8359513622256114
185,2013,186,Malavalli,172550.0,P.M.Narendra Swamy,INC,61869.0,Dr .K. Annadani,JD(S),61331.0,538.0,0.3117936829904376
186,2013,187,Maddur,156272.0,D.C.Thammanna,JD(S),80926.0,Madhu G.Madegowda,INC,48968.0,31958.0,20.45024060612266
187,2013,188,Melukote,160892.0,K.S.Puttannaiah,SKP,80041.0,C.S.Puttaraju,JD(S),70193.0,9848.0,6.120876115655222
188,2013,189,Mandya,152818.0,M.H. Ambareesh,INC,90329.0,M. Srinivas,JD(S),47392.0,42937.0,28.09682105511131
189,2013,190,Shrirangapattana,157807.0,A.B. Ramesha Bandisiddegowda,JD(S),55204.0,Ravindra Srikantaiah,IND,41580.0,13624.0,8.633330587363044
190,2013,191,Nagamangala,163624.0,N.Chaluvarayaswamy (Swamy Gowda),JD(S),89203.0,Suresh Gowdaa,INC,68840.0,20363.0,12.444995844130444
191,2013,192,Krishnarajpet,153482.0,Narayanagowda,JD(S),56784.0,K B Chandrashekar,INC,47541.0,9243.0,6.022204558189234
192,2013,193,Shravanabelagola,155814.0,C.N.Balakrishna,JD(S),87185.0,C.S.Puttegowda,INC,63043.0,24142.0,15.494114777876186
193,2013,194,Arsikere,158869.0,K.M.Shivalinge Gowda,JD(S),76579.0,B.Shivaramu,INC,46948.0,29631.0,18.651215781555873
194,2013,195,Belur,132940.0,Y.N Rudresha Gowda,INC,48802.0,K.S.Lingesha,JD(S),41273.0,7529.0,5.663457198736272
195,2013,196,Hassan,131059.0,H.S.Prakash,JD(S),61306.0,H.K.Mahesh,INC,57110.0,4196.0,3.201611487955806
196,2013,197,Holenarasipur,162263.0,H.D Revanna,JD(S),92713.0,S.G. Anupama,INC,62655.0,30058.0,18.5242476719893
197,2013,198,Arkalgud,170262.0,Manju A,INC,61369.0,A.T Ramaswamy,JD(S),52575.0,8794.0,5.164981029237293
198,2013,199,Sakaleshpur,140486.0,Kumaraswamy H.K.,JD(S),63602.0,D. Mallesh,INC,30533.0,33069.0,23.53900032743476
199,2013,200,Belthangady,146229.0,K. Vasantha Bangera,INC,74530.0,Ranjan G. Gowda,BJP,58789.0,15741.0,10.76462261247769
200,2013,201,Moodabidri,128808.0,K Abhayachandra,INC,53180.0,Umanatha Kotian,BJP,48630.0,4550.0,3.5323892925905223
201,2013,202,Mangalore City North,145853.0,B.A.Mohiuddin Bava,INC,69897.0,Krishna.J.Palemar,BJP,64524.0,5373.0,3.683846064187915
202,2013,203,Mangalore City South,132315.0,J.R.Lobo,INC,67829.0,N. Yogish Bhat,BJP,55554.0,12275.0,9.2771038808903
203,2013,204,Mangalore,124927.0,U T Khader,INC,69450.0,Chandrahas Ullal,BJP,40339.0,29111.0,23.302408606626273
204,2013,205,Bantval,156188.0,B.Ramanatha Rai,INC,81665.0,Rajesh Naik Ulipady,BJP,63815.0,17850.0,11.428534842625554
205,2013,206,Puttur,142808.0,Shakuntala T Shetty,INC,66345.0,Sanjeeva Matandoor,BJP,62056.0,4289.0,3.003333146602431
206,2013,207,Sullia,146066.0,Angara. S,BJP,65913.0,Dr. B. Raghu,INC,64540.0,1373.0,0.9399860337107883
207,2013,208,Madikeri,153856.0,Appachu (Ranjan) M.P,BJP,56696.0,B.A.Jivijaya,JD(S),52067.0,4629.0,3.008657445923461
208,2013,209,Virajpet,142377.0,K.G.Bopaiah,BJP,67250.0,Biddatanda.T.Pradeep,INC,63836.0,3414.0,2.39785920478729
209,2013,210,Periyapatna,136307.0,K.Venkatesh,INC,62045.0,K.Mahadev,JD(S),59957.0,2088.0,1.5318362226444717
210,2013,211,Krishnarajanagara,157467.0,Sa.Ra.Mahesh,JD(S),81457.0,Doddaswamegowda,INC,66405.0,15052.0,9.558828198924218
211,2013,212,Hunsur,161496.0,H.P.Manjunath,INC,83930.0,Kumaraswamy,JD(S),43723.0,40207.0,24.896591866052407
212,2013,213,Heggadadevankote,148917.0,Chikkamadu S,JD(S),48606.0,Chikkanna,INC,36108.0,12498.0,8.392594532524829
213,2013,214,Nanjangud,141009.0,V.Srinivasa Prasad,INC,50784.0,Kalale N .Keshavamurthy,JD(S),41843.0,8941.0,6.340730024324688
214,2013,215,Chamundeshwari,176962.0,G.T. Deve Gowda,JD(S),75864.0,M. Sathyanarayana,INC,68761.0,7103.0,4.013856082096721
215,2013,216,Krishnaraja,127812.0,M.K.Somashekar,INC,52611.0,S.A.Ramadas,BJP,46546.0,6065.0,4.745250837167089
216,2013,217,Chamaraja,109938.0,Vasu,INC,41930.0,H.S.Shankaralinge Gowda,JD(S),29015.0,12915.0,11.747530426240244
217,2013,218,Narasimharaja,115764.0,Tanveer Sait,INC,38037.0,Abdul Majid K H,SDPI,29667.0,8370.0,7.230227013579352
218,2013,219,Varuna,160641.0,Siddaramaiah,INC,84385.0,Kapu Siddalingaswamy,KJP,54744.0,29641.0,18.451702865395507
219,2013,220,T.Narasipur,135293.0,Dr. H.C. Mahadevappa,INC,53219.0,M.C.Sundareshan,JD(S),52896.0,323.0,0.2387411026438914
220,2013,221,Hanur,137852.0,R.Narendra,INC,55684.0,Parimala Nagappa,JD(S),44135.0,11549.0,8.377825494008066
221,2013,222,Kollegal,146477.0,S. Jayanna,INC,47402.0,N. Mahesh,BSP,37209.0,10193.0,6.958771684291731
222,2013,223,Chamarajanagar,146760.0,C.Puttarangashetty,INC,54440.0,K.R.Mallikarjunappa,KJP,43244.0,11196.0,7.628781684382665
223,2013,224,Gundlupet,162326.0,H.S. Mahadeva Prasad,INC,73723.0,C.S. Niranjanakumar,KJP,66048.0,7675.0,4.728139669553861
224,2018,1,Nippani,172251.0,Jolle Shashikala Annasaheb,BJP,87006.0,Kakaso Pandurang Patil,INC,78500.0,8506.0,4.938142594237479
225,2018,2,Chikkodi-Sadalga,179202.0,Ganesh Prakash Hukkeri,INC,91467.0,Annasaheb Shankar Jolle,BJP,80898.0,10569.0,5.897813640472763
226,2018,3,Athani,170565.0,Mahesh Iranagouda Kumathalli,INC,82094.0,Laxman Sangappa Savadi,BJP,79763.0,2331.0,1.3666344208952599
227,2018,4,Kagwad,145735.0,Shrimant Balasaheb Patil,INC,83060.0,Bharamagouda Alagouda Kage,BJP,50118.0,32942.0,22.60404158232408
228,2018,5,Kudachi,136654.0,P.Rajeev,BJP,67781.0,Amit Shama Ghatage,INC,52773.0,15008.0,10.98248130314517
229,2018,6,Raybag,150399.0,Aihole Duryodhan Mahalingappa,BJP,67502.0,Pradeepkumar Ramu Malage,INC,50954.0,16548.0,11.00273273093571
230,2018,7,Hukkeri,157888.0,Umesh Vishwanath Katti,BJP,83588.0,Appayyagouda Basagouda Patil,INC,68203.0,15385.0,9.744249087961085
231,2018,8,Arabhavi,176936.0,Balachandra Lakshmanarao Jarakiholi,BJP,96144.0,Bhimappa Gundappa Gadad,JD(S),48816.0,47328.0,26.74865488086088
232,2018,9,Gokak,173980.0,Jarkiholi Ramesh Laxmanrao,INC,90249.0,Ashok Ningayyaswami Pujari,BJP,75969.0,14280.0,8.207839981607082
233,2018,10,Yemkanmardi,149532.0,Satish. L. Jarkiholi,INC,73512.0,Astagi Maruti Mallappa,BJP,70662.0,2850.0,1.9059465532461277
234,2018,11,Belgaum Uttar,147426.0,Anil S Benake,BJP,79060.0,Fairoz Nuruddin Saith,INC,61793.0,17267.0,11.712316687694166
235,2018,12,Belgaum Dakshin,146715.0,Abhay Patil,BJP,84498.0,M D Lakshminarayan (Annayya),INC,25806.0,58692.0,40.00408956139454
236,2018,13,Belgaum Rural,186419.0,Laxmi R Hebbalkar,INC,102040.0,Sanjay B Patil,BJP,50316.0,51724.0,27.74609884185625
237,2018,14,Khanapur,154219.0,Dr. Anjali Hemant Nimbalkar,INC,36649.0,Vithal Halagekar,BJP,31516.0,5133.0,3.328383662194671
238,2018,15,Kittur,148512.0,Doddagoudar Mahantesh Basavantaray,BJP,73155.0,Inamdar Danappagouda Basanagouda,INC,40293.0,32862.0,22.127504848093082
239,2018,16,Bailhongal,144800.0,Koujalagi. Mahantesh. Shivanand.,INC,47040.0,Jagdish. Channappa Metgud,IND,41918.0,5122.0,3.537292817679558
240,2018,17,Saundatti Yellamma,153707.0,Anand Vishwanath Chandrashekhar Mamani,BJP,62480.0,Anand Chopra,IND,56189.0,6291.0,4.092851984620089
241,2018,18,Ramdurg,151328.0,Mahadevappa Shivalingappa Yadawad,BJP,68349.0,Ashok Mahadevappa Pattan,INC,65474.0,2875.0,1.8998466906322689
242,2018,19,Mudhol,148029.0,Govind Makthappa Karajol,BJP,76431.0,Bandiwaddar Satish Chinnappa,INC,60949.0,15482.0,10.458761458903323
243,2018,20,Terdal,173610.0,Siddu Savadi,BJP,87583.0,Umashree,INC,66470.0,21113.0,12.161165831461322
244,2018,21,Jamkhandi,153608.0,Siddu Bhimappa Nyamgoud,INC,49245.0,Kulkarni Shrikant Subrao,BJP,46450.0,2795.0,1.8195666892349356
245,2018,22,Bilgi,173319.0,Murugesh Rudrappa Nirani,BJP,85135.0,Jagadish Timmanagouda Patil,INC,80324.0,4811.0,2.7758064609188837
246,2018,23,Badami,163925.0,Siddaramaiah,INC,67599.0,B Sreeramulu,BJP,65903.0,1696.0,1.0346194906207107
247,2018,24,Bagalkot,161511.0,Veerabhadrayya (Veeranna) Charantimath,BJP,85653.0,Meti Hullappa Yamanappa,INC,69719.0,15934.0,9.865581910829603
248,2018,25,Hungund,156534.0,Doddanagouda G Patil,BJP,65012.0,Kashappanavar Vijayanand Shivashankrappa,INC,59785.0,5227.0,3.3392106507212493
249,2018,26,Muddebihal,138798.0,Ameenappa Gouda S Patil (Nadahalli),BJP,63512.0,Appaji Urf Channabasavaraj Shankararao Nadagouda,INC,54879.0,8633.0,6.219830256920129
250,2018,27,Devar Hippargi,139079.0,Somanagouda B Patil (Sasanur),BJP,48245.0,Bhimanagouda (Rajugouda) B Patil,JD(S),44892.0,3353.0,2.4108600148117256
251,2018,28,Basavana Bagevadi,147404.0,Shivanand Patil,INC,58647.0,Somanagouda(Appugouda) B Patil(Managuli),JD(S),55461.0,3186.0,2.161406746085588
252,2018,29,Babaleshwar,171645.0,Mallanagoud Basanagoud Patil,INC,98339.0,Vijayakumar Sidramgouda Patil,BJP,68624.0,29715.0,17.31189373416062
253,2018,30,Bijapur City,151703.0,Basanagoud .R. Patil (Yatnal),BJP,76308.0,Abdul Hameed Mushrif,INC,69895.0,6413.0,4.227338945175771
254,2018,31,Nagthan,175608.0,Devanand Fulasing Chavan,JD(S),59709.0,Katakadond Vittal Dondiba,INC,54108.0,5601.0,3.1894902282356155
255,2018,32,Indi,168112.0,Yashvantharaygouda Vittalagouda Patil,INC,50401.0,B D Patil (Hanjagi),JD(S),40463.0,9938.0,5.911535167031503
256,2018,33,Sindgi,160496.0,Managuli Mallappa Channaveerappa,JD(S),70865.0,Bhusanur Ramesh Balappa,BJP,61560.0,9305.0,5.797652277938391
257,2018,34,Afzalpur,149708.0,M Y Patil,INC,71735.0,Malikayya Guttedar,BJP,61141.0,10594.0,7.076442140700563
258,2018,35,Jevargi,161746.0,Ajay Dharam Singh,INC,68508.0,Doddappagowda S. Patil Naribol,BJP,52452.0,16056.0,9.926675157345468
259,2018,36,Shorapur,197196.0,Narasimhanayak (Rajugouda),BJP,104426.0,Raja Venkatappa Naik,INC,81858.0,22568.0,11.444451205906814
260,2018,37,Shahapur,156430.0,Sharanabasappa Gouda Darshanapur,INC,78642.0,Guru Patil Sirwal,BJP,47668.0,30974.0,19.800549766668798
261,2018,38,Yadgir,144450.0,Venkatreddy Mudnal,BJP,62227.0,Dr.A B Maalakaraddy,INC,49346.0,12881.0,8.917272412599516
262,2018,39,Gurmitkal,151974.0,Nagangouda Kandkur,JD(S),79627.0,Baburao Chinchansur,INC,55147.0,24480.0,16.108018476844723
263,2018,40,Chittapur,140369.0,Priyank Kharge,INC,69700.0,Valmik Naik,BJP,65307.0,4393.0,3.1296083893167292
264,2018,41,Sedam,158571.0,Rajkumar Patil,BJP,80668.0,Dr. Sharan Prakash Rudrappa Patil,INC,73468.0,7200.0,4.540552812304898
265,2018,42,Chincholi,132998.0,Dr. Umesh G Jadhav,INC,73905.0,Sunil Y Vallyapure,BJP,54693.0,19212.0,14.44533000496248
266,2018,43,Gulbarga Rural,152495.0,Basawaraj Mattimud,BJP,61750.0,Vijaykumar G Ramakrishna,INC,49364.0,12386.0,8.12223351585298
267,2018,44,Gulbarga Dakshin,144362.0,Dattatraya C Patil Revoor Appu Gouda,BJP,64788.0,Allamprabhu Patil,INC,59357.0,5431.0,3.762070350923373
268,2018,45,Gulbarga Uttar,148552.0,Kaneez Fatima,INC,64311.0,Chandrakant B Patil (Chandu Patil),BJP,58371.0,5940.0,3.998599816899133
269,2018,46,Aland,160609.0,Guttedar Subhash Rukmayya,BJP,76815.0,B R Patil,INC,76118.0,697.0,0.4339731895472857
270,2018,47,Basavakalyan,145326.0,B. Narayanrao,INC,61425.0,Mallikarjun Son Of Sidramappa Khuba,BJP,44153.0,17272.0,11.885003371729766
271,2018,48,Humnabad,159335.0,Rajshekhar,INC,74945.0,Subhash,BJP,43131.0,31814.0,19.966736749615592
272,2018,49,Bidar South,138887.0,Bandeppa,JD(S),55107.0,Dr Shailendra Beldale,BJP,42365.0,12742.0,9.17436477136089
273,2018,50,Bidar,140623.0,Rahim Khan,INC,73270.0,Surayakanth Nagmarpalli,BJP,63025.0,10245.0,7.285436948436599
274,2018,51,Bhalki,167058.0,Eshwar Khandre,INC,84673.0,D K Sidram,BJP,63235.0,21438.0,12.832668893438207
275,2018,52,Aurad,147409.0,Prabhu Chauhan,BJP,75061.0,Vijaykumar,INC,64469.0,10592.0,7.185450006444653
276,2018,53,Raichur Rural,161681.0,Basanagouda Daddal,INC,66656.0,Tipparaju Hawaldar,BJP,56692.0,9964.0,6.162752580699031
277,2018,54,Raichur,123892.0,Dr. Shivaraj Patil,BJP,56511.0,Syed Yaseen,INC,45520.0,10991.0,8.871436412359152
278,2018,55,Manvi,154053.0,Raja Venkatappa Nayak,JD(S),53548.0,Dr Tanusree Preeti,IND,37733.0,15815.0,10.265947433675423
279,2018,56,Devadurga,157369.0,Shivana Gouda Nayak,BJP,67003.0,A Rajashekar Nayak,INC,45958.0,21045.0,13.373027724647166
280,2018,57,Lingsugur,164149.0,D. S. Hoolageri,INC,54230.0,Bandi.Siddu,JD(S),49284.0,4946.0,3.0131161322944395
281,2018,58,Sindhanur,163464.0,Venkatrao Nadagouda,JD(S),71514.0,Badarli Hampangouda,INC,69917.0,1597.0,0.9769735232222385
282,2018,59,Maski,136717.0,Pratapgouda Patil,INC,60387.0,Basanagowda-Turvihal,BJP,60174.0,213.0,0.15579627990666853
283,2018,60,Kushtagi,166054.0,Amaregouda Linganagouda Patil Bayyapur,INC,87566.0,Doddanagouda Hanamagouda Patil,BJP,69535.0,18031.0,10.858515904464813
284,2018,61,Kanakagiri,167506.0,Basavaraj Dadesugur,BJP,87735.0,Shivaraj Sangappa Tangadagi,INC,73510.0,14225.0,8.492233114037706
285,2018,62,Gangawati,147273.0,Paranna Eshwarappa Munavalli,BJP,67617.0,Iqbal Ansari,INC,59644.0,7973.0,5.41375540662579
286,2018,63,Yelburga,164667.0,Achar Halappa Basappa,BJP,79072.0,Basavaraj Rayareddi,INC,65754.0,13318.0,8.08783787887069
287,2018,64,Koppal,180782.0,K. Raghavendra Basavaraj Hitnal,INC,98783.0,Amaresh Sanganna Karadi,BJP,72432.0,26351.0,14.576119303912998
288,2018,65,Shirahatti,160604.0,Ramappa Sobeppa Lamani,BJP,91967.0,Doddamani Ramakrishna Shidlingappa,INC,61974.0,29993.0,18.675126397848125
289,2018,66,Gadag,160491.0,Hanamantagouda Krishnagouda Patil,INC,77699.0,Anil Mensinakai,BJP,75831.0,1868.0,1.163928195350518
290,2018,67,Ron,170561.0,Kalakappa Bandi,BJP,83735.0,Gurupadagouda Patil,INC,76401.0,7334.0,4.299927885038198
291,2018,68,Nargund,144595.0,Chandrakantagouda Channappagouda Patil,BJP,73045.0,Basavaraddi Rangaraddi Yavagal,INC,65066.0,7979.0,5.518171444379128
292,2018,69,Navalgund,159546.0,Shankar B. Patil Munenakoppa,BJP,65718.0,N. H. Konaraddi,JD(S),45197.0,20521.0,12.862121269101074
293,2018,70,Kundgol,147525.0,Channabasappa Sathyappa Shivalli,INC,64871.0,Chikkanagoudra Siddanagoud Ishwaragod,BJP,64237.0,634.0,0.42975766819183187
294,2018,71,Dharwad,155630.0,Amrut Ayyappa Desai,BJP,85123.0,Vinay Kulkarni,INC,64783.0,20340.0,13.069459615755315
295,2018,72,Hubli-Dharwad East,136097.0,Abbayya Prasad,INC,77080.0,Chandrashekar Gokak,BJP,55613.0,21467.0,15.773308743028869
296,2018,73,Hubli-Dharwad Central,147710.0,Jagadish Shettar,BJP,75794.0,Dr. Mahesh Nalwad,INC,54488.0,21306.0,14.424209599891679
297,2018,74,Hubli-Dharwad West,157728.0,Arvind Bellad,BJP,96462.0,Mohammad Ismail Tamatgar,INC,55975.0,40487.0,25.668872996551023
298,2018,75,Kalghatgi,151902.0,C M Nimbannavar,BJP,83267.0,Santosh S Lad,INC,57270.0,25997.0,17.11432370870693
299,2018,76,Haliyal,132685.0,Deshpande R.V,INC,61577.0,Sunil Hegade,BJP,56437.0,5140.0,3.8738365301277464
300,2018,77,Karwar,160098.0,Roopali Santosh Naik,BJP,60339.0,Anand Vasant Asnotikar,JD(S),46275.0,14064.0,8.78461942060488
301,2018,78,Kumta,146177.0,Dinakar Keshav Shetty,BJP,59392.0,Sharada Mohan Shetty,INC,26642.0,32750.0,22.404345416857645
302,2018,79,Bhatkal,165886.0,Sunil Biliya Naik,BJP,83172.0,Mankal Vaidya,INC,77242.0,5930.0,3.5747441013708205
303,2018,80,Sirsi,155079.0,Kageri Vishweshwar Hegde,BJP,70595.0,Bhimanna Naik,INC,53134.0,17461.0,11.259422616859794
304,2018,81,Yellapur,140271.0,Arabail Hebbar Shivaram,INC,66290.0,Andalagi Veerabhadragouda Shivanagouda Patil,BJP,64807.0,1483.0,1.0572392012604173
305,2018,82,Hangal,163997.0,C M Udasi,BJP,80529.0,Mane Srinivas,INC,74015.0,6514.0,3.9720238784855817
306,2018,83,Shiggaon,171074.0,Basavaraj Bommai,BJP,83868.0,Sayed Azeempeer Khadri,INC,74603.0,9265.0,5.415784981937641
307,2018,84,Haveri,170591.0,Neharu Olekar,BJP,86565.0,Rudrappa Lamani,INC,75261.0,11304.0,6.626375365640626
308,2018,85,Byadgi,166833.0,Ballary Virupakshappa Rudrappa,BJP,91721.0,S.R.Patil,INC,70450.0,21271.0,12.749875624127121
309,2018,86,Hirekerur,150646.0,Basavanagouda Patil,INC,72461.0,Ujaneshwara Banakar,BJP,71906.0,555.0,0.368413366435219
310,2018,87,Ranibennur,179321.0,R Shankar S O M Ramachandra,KPJP,63910.0,Krishnappa Koliwad S O Bheemappa Koliwad,INC,59572.0,4338.0,2.4191254788898124
311,2018,88,Hadagalli,139981.0,P. T. Parameshwara Naik,INC,54097.0,Odo Gangappa,IND,44919.0,9178.0,6.556604110557862
312,2018,89,Hagaribommanahalli,176196.0,Bheema Naik L.B.P.,INC,78337.0,K.Nemiraja Naik,BJP,71105.0,7232.0,4.104519966401053
313,2018,90,Vijayanagara,166130.0,Anand Singh,INC,83214.0,H.R.Gaviyappa,BJP,74986.0,8228.0,4.952747848070787
314,2018,91,Kampli,165761.0,J N Ganesh,INC,80592.0,T H Suresh Babu,BJP,75037.0,5555.0,3.351210477736018
315,2018,92,Siruguppa,152151.0,M.S. Somalingappa,BJP,82546.0,B. Murali Krishna,INC,61275.0,21271.0,13.98019073157587
316,2018,93,Bellary,163128.0,B Nagendra,INC,79186.0,Sanna Pakkirappa,BJP,76507.0,2679.0,1.6422686479329116
317,2018,94,Bellary City,151267.0,G. Somasekhara Reddy,BJP,76589.0,Anil.H. Lad,INC,60434.0,16155.0,10.679791362293162
318,2018,95,Sandur,157710.0,E Tukaram,INC,78106.0,D Raghavendra (Manju),BJP,64096.0,14010.0,8.883393570477459
319,2018,96,Kudligi,152076.0,N.Y. Gopalakrishna,BJP,50085.0,N.T. Bommanna,JD(S),39272.0,10813.0,7.110260659144112
320,2018,97,Molakalmuru,192550.0,B. Sreeramulu,BJP,84018.0,Dr B. Yogesh Babu,INC,41973.0,42045.0,21.83588678265386
321,2018,98,Challakere,169000.0,T Raghumurthy,INC,72874.0,Raveesh Kumar,JD(S),59335.0,13539.0,8.011242603550297
322,2018,99,Chitradurga,189358.0,G H Thippareddy,BJP,82896.0,K.C.Veerendra (Pappy),JD(S),49911.0,32985.0,17.41938550259297
323,2018,100,Hiriyur,188787.0,K Poornima,BJP,77733.0,D Sudhakar,INC,64858.0,12875.0,6.819855180706298
324,2018,101,Hosadurga,159846.0,Gulihatti D Shekar,BJP,90562.0,B G Govindappa,INC,64570.0,25992.0,16.260650876468603
325,2018,102,Holalkere,188486.0,M. Chandrappa,BJP,107976.0,H.Anjaneya,INC,69036.0,38940.0,20.659359315811255
326,2018,103,Jagalur,148335.0,S.V.Ramachandra,BJP,78948.0,H.P.Rajesh,INC,49727.0,29221.0,19.699329221019987
327,2018,104,Harapanahalli,168414.0,G Karunakara Reddy,BJP,67603.0,M P Ravindra,INC,57956.0,9647.0,5.728146116118612
328,2018,105,Harihar,164927.0,S Ramappa,INC,64801.0,Harish B.P.,BJP,57541.0,7260.0,4.4019475283004
329,2018,106,Davanagere North,157327.0,S.A. Ravindranath,BJP,76540.0,S.S. Mallikarjun,INC,72469.0,4071.0,2.5876041620319463
330,2018,107,Davanagere South,136073.0,Shamanur Shivashankarappa,INC,71369.0,Yashavantha Rao Jadhav,BJP,55485.0,15884.0,11.673146031909344
331,2018,108,Mayakonda,155163.0,N. Linganna.,BJP,50556.0,K.S.Basavaraj [Basavanthappa],INC,44098.0,6458.0,4.162074721421988
332,2018,109,Channagiri,158094.0,K Madalu Virupakshappa,BJP,73794.0,Vadnal Rajanna,INC,48014.0,25780.0,16.306754209520918
333,2018,110,Honnali,161867.0,M P Renukacharya,BJP,80624.0,Shanthanagowda D G,INC,76391.0,4233.0,2.615109935935058
334,2018,111,Shimoga Rural,172248.0,K.B. Ashok Naik,BJP,69326.0,Sharada Puryanaik,JD(S),65549.0,3777.0,2.192768566253309
335,2018,112,Bhadravati,152877.0,B.K.Sangameshwara.,INC,75722.0,Appaji.M.J.,JD(S),64155.0,11567.0,7.566213361068049
336,2018,113,Shimoga,172354.0,K.S. Eshwarappa,BJP,104027.0,K.B. Prasanna Kumar,INC,57920.0,46107.0,26.751337363797766
337,2018,114,Tirthahalli,156920.0,Araga Jnanendra,BJP,67527.0,Kimmane Rathnakara,INC,45572.0,21955.0,13.99120570991588
338,2018,115,Shikaripura,154883.0,B S Yadiyurappa,BJP,86983.0,Goni Malatesha,INC,51586.0,35397.0,22.854025296514145
339,2018,116,Sorab,156195.0,S.Kumara Bangarappa,BJP,72091.0,S.Madhu Bangarappa,JD(S),58805.0,13286.0,8.506034124011652
340,2018,117,Sagar,154944.0,H Halappa Harathalu,BJP,78475.0,Kagodu Thimmappa,INC,70436.0,8039.0,5.188326104915324
341,2018,118,Byndoor,176727.0,B. M. Sukumar Shetty,BJP,96029.0,K. Gopala Poojary,INC,71636.0,24393.0,13.802644757167833
342,2018,119,Kundapura,158644.0,Halady Srinivas Shetty,BJP,103434.0,Rakesh Malli,INC,47029.0,56405.0,35.55444895489271
343,2018,120,Udupi,162405.0,K Raghupathi Bhat,BJP,84946.0,Pramod Madhwaraj,INC,72902.0,12044.0,7.41602783165543
344,2018,121,Kapu,144448.0,Lalaji .R. Mendon,BJP,75893.0,Vinay Kumar Sorake,INC,63976.0,11917.0,8.250027691626052
345,2018,122,Karkal,145935.0,V. Sunil Kumar,BJP,91245.0,Gopala Bhandary,INC,48679.0,42566.0,29.1677801761058
346,2018,123,Sringeri,137053.0,T D Rajegowda,INC,62780.0,D N Jeevaraj,BJP,60791.0,1989.0,1.451263379860346
347,2018,124,Mudigere,131318.0,M.P.Kumaraswamy,BJP,58783.0,Motamma,INC,46271.0,12512.0,9.52801596125436
348,2018,125,Chikmagalur,161138.0,C T Ravi,BJP,70863.0,Shankar B L,INC,44549.0,26314.0,16.330102148469013
349,2018,126,Tarikere,149593.0,D S Suresh,BJP,44940.0,G H Srinivasa,IND,33253.0,11687.0,7.81253133502236
350,2018,127,Kadur,159688.0,K S Prakash,BJP,62232.0,Y S V Datta,JD(S),46860.0,15372.0,9.626271228896348
351,2018,128,Chiknayakanhalli,180663.0,J.C. Madhu Swamy,BJP,69612.0,C.B Sureshbabu,JD(S),59335.0,10277.0,5.688491832860077
352,2018,129,Tiptur,151571.0,B.C. Nagesh,BJP,61383.0,K. Shadakshari,INC,35820.0,25563.0,16.86536342704079
353,2018,130,Turuvekere,153539.0,Jayaram A S,BJP,60710.0,M T Krishnappa,JD(S),58661.0,2049.0,1.3345143579155785
354,2018,131,Kunigal,161923.0,Dr H.D. Ranganath,INC,58697.0,D Krishna Kumar,BJP,53097.0,5600.0,3.4584339469995
355,2018,132,Tumkur City,169871.0,G.B. Jyothi Ganesh,BJP,60421.0,N. Govindaraju,JD(S),55128.0,5293.0,3.115893825314503
356,2018,133,Tumkur Rural,172333.0,D C Gowrishankar,JD(S),82740.0,B Suresh Gowda,BJP,77100.0,5640.0,3.2727336029663503
357,2018,134,Koratagere,171297.0,Dr. G. Parameshwara,INC,81598.0,P.R. Sudhakar Lal,JD(S),73979.0,7619.0,4.447830376480615
358,2018,135,Gubbi,155420.0,S R Srinivas (Vasu),JD(S),55572.0,G N Bettaswamy,BJP,46491.0,9081.0,5.842877364560546
359,2018,136,Sira,180264.0,B Sathyanarayana,JD(S),74338.0,T B Jayachandra,INC,63973.0,10365.0,5.749900146451871
360,2018,137,Pavagada,162911.0,Venkataramanappa,INC,72974.0,K M Thimmarayappa,JD(S),72565.0,409.0,0.2510573257791064
361,2018,138,Madhugiri,166060.0,M.V. Veerabhadraiah,JD(S),88521.0,Kyathasandra N.Rajanna,INC,69947.0,18574.0,11.185113814283994
362,2018,139,Gauribidanur,168670.0,N.H.Shivashankara Reddy,INC,69000.0,C.R.Narasimhamurthy,JD(S),59832.0,9168.0,5.435465702258849
363,2018,140,Bagepalli,164528.0,S.N. Subbareddy(Chinnakayalapalli),INC,65710.0,G.V. Sreeramareddy,CPM,51697.0,14013.0,8.517091315763881
364,2018,141,Chikkaballapur,173467.0,Dr. K. Sudhakar,INC,82006.0,K.P.Bachegowda,JD(S),51575.0,30431.0,17.54281794231756
365,2018,142,Sidlaghatta,170322.0,V. Muniyappa,INC,76240.0,B.N. Ravikumar,JD(S),66531.0,9709.0,5.700379281596036
366,2018,143,Chintamani,180758.0,J K Krishna Reddy,JD(S),87753.0,Dr.M.C Sudhakar,BPJP,82513.0,5240.0,2.8989035063455004
367,2018,144,Srinivaspur,184508.0,K R Ramesh Kumar,INC,93571.0,G K Venkatashivareddy,JD(S),83019.0,10552.0,5.718993214386368
368,2018,145,Mulbagal,164490.0,H.Nagesh,IND,74213.0,Samruddhi Manjunath,JD(S),67498.0,6715.0,4.082315034348592
369,2018,146,Kolar Gold Field,139569.0,Roopakala.M,INC,71151.0,Ashwini Sampangi,BJP,30324.0,40827.0,29.252197837628703
370,2018,147,Bangarapet,157152.0,S.N.Narayanaswamy K.M,INC,71171.0,M.Mallesh Babu,JD(S),49300.0,21871.0,13.917099368764
371,2018,148,Kolar,179102.0,K.Srinivasa Gowda,JD(S),82788.0,Syed Zameer Pasha,INC,38537.0,44251.0,24.7071501155766
372,2018,149,Malur,161363.0,K.Y. Nanjegowda,INC,75677.0,K.S.Manjunath Gowda,JD(S),57762.0,17915.0,11.102297304834442
373,2018,150,Yelahanka,245135.0,S.R.Vishwanath,BJP,120110.0,A M Hanumanthegowda,JD(S),77607.0,42503.0,17.338609337711873
374,2018,151,K.R.Pura,253994.0,B.A.Basavaraja,INC,135404.0,N.S.Nandiesha Reddy,BJP,102675.0,32729.0,12.88573745836516
375,2018,152,Byatarayanapura,253709.0,Krishna Byregowda,INC,114964.0,A Ravi,BJP,109293.0,5671.0,2.23523800889996
376,2018,153,Yeshvanthapura,287205.0,S.T Somashekhar,INC,115273.0,T N Javarayi Gowda,JD(S),104562.0,10711.0,3.7293918977733673
377,2018,154,Rajarajeshwarinagar,256447.0,Munirathna,INC,108065.0,Muniraju Gowda P M,BJP,82573.0,25492.0,9.94045553272216
378,2018,155,Dasarahalli,216285.0,R.Manjunatha,JD(S),94044.0,S Muniraju,BJP,83369.0,10675.0,4.935617356728391
379,2018,156,Mahalakshmi Layout,159881.0,K. Gopalaiah,JD(S),88218.0,N.L. Narendra Babu,BJP,47118.0,41100.0,25.70661929810296
380,2018,157,Malleshwaram,123665.0,Dr. Ashwath Narayan.C.N.,BJP,83130.0,Kengal Shreepadharenu,INC,29130.0,54000.0,43.666356689443255
381,2018,158,Hebbal,146690.0,Suresh B S,INC,74453.0,Y A Narayanaswamy,BJP,53313.0,21140.0,14.411343649873883
382,2018,159,Pulakeshinagar,126432.0,R. Akhanda Srinivasamurthy,INC,97574.0,B. Prasannakumar,JD(S),15948.0,81626.0,64.56118704125538
383,2018,160,Sarvagnanagar,178092.0,K.J George,INC,109955.0,M.N.Reddy,BJP,56651.0,53304.0,29.930597668620713
384,2018,161,C.V. Raman Nagar,132011.0,S. Raghu,BJP,58887.0,R. Sampath Raj,INC,46660.0,12227.0,9.262106945633318
385,2018,162,Shivajinagar,108534.0,R Roshan Baig,INC,59742.0,Katta Subramanya Naidu,BJP,44702.0,15040.0,13.857408738275565
386,2018,163,Shanti Nagar,121421.0,N A Haris,INC,60009.0,K Vasudevamurthy,BJP,41804.0,18205.0,14.993287816769751
387,2018,164,Gandhi Nagar,126825.0,Dinesh Gundu Rao,INC,47354.0,A.R. Sapthagiri Gowda,BJP,37284.0,10070.0,7.940074906367041
388,2018,165,Rajaji Nagar,120092.0,S Suresh Kumar,BJP,56271.0,G Padmavathi,INC,46818.0,9453.0,7.871465210005662
389,2018,166,Govindraj Nagar,157232.0,V Somanna,BJP,79135.0,Priyakrishna,INC,67760.0,11375.0,7.234532410705199
390,2018,167,Vijay Nagar,156405.0,M. Krishnappa,INC,73353.0,H. Ravindra,BJP,70578.0,2775.0,1.7742399539656661
391,2018,168,Chamrajpet,120209.0,B.Z. Zameer Ahmed Khan,INC,65339.0,M Lakshminarayana,BJP,32202.0,33137.0,27.566155612308563
392,2018,169,Chickpet,128920.0,Uday B.Garudachar,BJP,57312.0,R.V.Devraj,INC,49378.0,7934.0,6.1542041576171265
393,2018,170,Basavanagudi,130043.0,Ravisubramanya.L.A,BJP,76018.0,K.Bagegowda,JD(S),38009.0,38009.0,29.228024576486238
394,2018,171,Padmanaba Nagar,161608.0,R Ashoka,BJP,77868.0,V K Gopal,JD(S),45702.0,32166.0,19.903717637740705
395,2018,172,B.T.M.Layout,135933.0,Ramalinga Reddy,INC,67085.0,Lallesh Reddy,BJP,46607.0,20478.0,15.064774558054337
396,2018,174,Mahadevapura,284352.0,Aravind Limbavali,BJP,141682.0,A C Srinivasa,INC,123898.0,17784.0,6.2542201215395
397,2018,175,Bommanahalli,195510.0,Sathish Reddy M,BJP,111863.0,Sushma Rajagopala Reddy,INC,64701.0,47162.0,24.122551276149558
398,2018,176,Bangalore South,319255.0,M Krishnappa,BJP,152427.0,R K Ramesh,INC,122068.0,30359.0,9.509326400526225
399,2018,177,Anekal,227677.0,B.Shivanna,INC,113894.0,A.Narayanaswamy,BJP,105267.0,8627.0,3.78913987798504
400,2018,178,Hosakote,193071.0,N Nagaraju (M.T.B),INC,98824.0,Sharath Kumar Bachegowda,BJP,91227.0,7597.0,3.9348219048950903
401,2018,179,Devanahalli,171158.0,Narayanaswamy L N,JD(S),86966.0,Venkataswamy,INC,69956.0,17010.0,9.938185769873451
402,2018,180,Doddaballapur,168757.0,T Venkataramanaiah,INC,73225.0,B Munegowda,JD(S),63280.0,9945.0,5.893088879276119
403,2018,181,Nelamangala,161435.0,Dr. K .Sreenivasamurthy,JD(S),69277.0,R Narayanaswamy,INC,44956.0,24321.0,15.065506240901911
404,2018,182,Magadi,194218.0,A. Manjunath,JD(S),119492.0,H.C. Balakrishna,INC,68067.0,51425.0,26.477978354220514
405,2018,183,Ramanagaram,171652.0,H.D.Kumaraswamy,JD(S),92626.0,Iqbal Hussain.H.A,INC,69990.0,22636.0,13.187146086267564
406,2018,184,Kanakapura,186152.0,D K Shivakumar,INC,127552.0,Narayana Gowda,JD(S),47643.0,79909.0,42.9267480338648
407,2018,185,Channapatna,189013.0,H D Kumara Swamy,JD(S),87995.0,C P Yogeeshwara,BJP,66465.0,21530.0,11.390750900731696
408,2018,186,Malavalli,194675.0,Dr.K.Annadani,JD(S),103038.0,P.M.Narendraswamy,INC,76278.0,26760.0,13.745986901245665
409,2018,187,Maddur,172095.0,D.C.Thammanna,JD(S),109239.0,Madhu G Madegowda,INC,55209.0,54030.0,31.395450187396495
410,2018,188,Melukote,174965.0,C S Puttaraju,JD(S),96003.0,Darshan Puttannaiah,SWARAJ,73779.0,22224.0,12.701968965221615
411,2018,189,Mandya,165327.0,M Srinivas,JD(S),69421.0,P Ravikumar,INC,47813.0,21608.0,13.069855498496919
412,2018,190,Shrirangapattana,176655.0,Ravindra Srikantaiah,JD(S),101307.0,A.B.Ramesha Bandisiddegowda,INC,57619.0,43688.0,24.730689762531487
413,2018,191,Nagamangala,181473.0,Suresh Gowdaa,JD(S),112396.0,N Chaluvarayaswamy,INC,64729.0,47667.0,26.26671736291349
414,2018,192,Krishnarajpet,174003.0,Narayanagowda,JD(S),88016.0,K B Chandrashekar,INC,70897.0,17119.0,9.838336120641598
415,2018,193,Shravanabelagola,167261.0,C N Balakrishna,JD(S),105516.0,C S Puttegowda,INC,52504.0,53012.0,31.694178559257686
416,2018,194,Arsikere,172959.0,K.M Shivalinge Gowda,JD(S),93986.0,G.B.Shashidhara,INC,50297.0,43689.0,25.25974363866581
417,2018,195,Belur,152280.0,Lingesha. K.S.,JD(S),64268.0,H.K. Suresh,BJP,44578.0,19690.0,12.930128710270555
418,2018,196,Hassan,154438.0,Preetham J Gowda,BJP,63348.0,H S Prakash,JD(S),50342.0,13006.0,8.421502479959596
419,2018,197,Holenarasipur,180496.0,H D Revanna,JD(S),108541.0,Manjegowda B P,INC,64709.0,43832.0,24.284194663593652
420,2018,198,Arkalgud,188904.0,A. T. Ramaswamy,JD(S),85064.0,Manju .A,INC,74411.0,10653.0,5.639372379621395
421,2018,199,Sakaleshpur,161008.0,H K Kumaraswamy,JD(S),62262.0,Somashekar Jayaraj,BJP,57320.0,4942.0,3.0694126999900626
422,2018,200,Belthangady,179551.0,Harish Poonja,BJP,98417.0,K.Vasantha Bangera,INC,75443.0,22974.0,12.795250374545395
423,2018,201,Moodabidri,152247.0,Umanatha. A. Kotian,BJP,87444.0,K. Abhayachandra,INC,57645.0,29799.0,19.572799464028847
424,2018,202,Mangalore City North,176104.0,Dr.Bharath Shetty. Y,BJP,98648.0,B.A.Mohiuddin Bava,INC,72000.0,26648.0,15.131967473765503
425,2018,203,Mangalore City South,163388.0,D. Vedavyasa Kamath,BJP,86545.0,J. R. Lobo,INC,70470.0,16075.0,9.838543834308517
426,2018,204,Mangalore,149359.0,U.T.Abdul Khader,INC,80813.0,Santhosh Kumar Rai Boliyaru,BJP,61074.0,19739.0,13.21580888998989
427,2018,205,Bantval,182556.0,Rajesh Naik U.,BJP,97802.0,B Ramanatha Rai,INC,81831.0,15971.0,8.74854839063082
428,2018,206,Puttur,166271.0,Sanjeeva Matandoor,BJP,90073.0,Shakunthala.T. Shetty,INC,70596.0,19477.0,11.714009057502512
429,2018,207,Sullia,168412.0,Angara.S,BJP,95205.0,Dr.B.Raghu,INC,69137.0,26068.0,15.4787069805002
430,2018,208,Madikeri,169458.0,Appachu Ranjan M P,BJP,70631.0,B A Jivijaya,JD(S),54616.0,16015.0,9.450719352287882
431,2018,209,Virajpet,157772.0,K G Bopaiah,BJP,77944.0,Arun Machaiah C S,INC,64591.0,13353.0,8.463478944299368
432,2018,210,Periyapatna,155716.0,K. Mahadeva,JD(S),77770.0,K. Venkatesh,INC,70277.0,7493.0,4.81196537285828
433,2018,211,Krishnarajanagara,175017.0,Sa. Ra. Mahesh,JD(S),85011.0,D. Ravishankar,INC,83232.0,1779.0,1.0164726855105504
434,2018,212,Hunsur,186228.0,Adaguru H Vishwanath,JD(S),91667.0,H P Manjunath,INC,83092.0,8575.0,4.604570741241918
435,2018,213,Heggadadevankote,171053.0,Anil Kumar C,INC,76652.0,Chikkanna,JD(S),54559.0,22093.0,12.915879873489503
436,2018,214,Nanjangud,163979.0,B. Harshavardhan,BJP,78030.0,Kalale N. Keshavamurthy,INC,65551.0,12479.0,7.6101208081522635
437,2018,215,Chamundeshwari,226264.0,G.T.Devegowda,JD(S),121325.0,Siddaramaiah,INC,85283.0,36042.0,15.929180072835273
438,2018,216,Krishnaraja,146908.0,S A Ramadas,BJP,78573.0,M K Somashekar,INC,52226.0,26347.0,17.93435347292183
439,2018,217,Chamaraja,140554.0,L. Nagendra,BJP,51683.0,Vasu,INC,36747.0,14936.0,10.626520767818775
440,2018,218,Narasimharaja,161886.0,Tanveer Sait,INC,62268.0,S.Satheesh (Sandesh Swamy),BJP,44141.0,18127.0,11.197385814709117
441,2018,219,Varuna,175048.0,Yathindra S,INC,96435.0,T Basavaraju,BJP,37819.0,58616.0,33.48567250125679
442,2018,220,T.Narasipur,155286.0,Ashvin Kumar.M,JD(S),83929.0,Dr. H.C.Mahadevappa,INC,55451.0,28478.0,18.33906469353322
443,2018,221,Hanur,170333.0,R Narendra,INC,60444.0,Dr. Preethan Nagappa,BJP,56931.0,3513.0,2.062430650549218
444,2018,222,Kollegal,168871.0,N. Mahesh,BSP,71792.0,A.R. Krishna Murthy,INC,52338.0,19454.0,11.520036003813562
445,2018,223,Chamarajanagar,167111.0,C Puttarangashetty,INC,75963.0,K R Mallikarjunappa,BJP,71050.0,4913.0,2.9399620611449873
446,2018,224,Gundlupet,182903.0,C S Niranjan Kumar,BJP,94151.0,M C Mohan Kumari Uruf Geetha,INC,77467.0,16684.0,9.121774929880866
447,2023,1,Nippani,187412.0,Jolle Shashikala Annasaheb,BJP,73348.0,Uttam Raosaheb Patil,NCP,66056.0,7292.0,3.8908927923505434
448,2023,2,Chikkodi-Sadalga,183835.0,Ganesh Prakash Hukkeri,INC,128349.0,Katti Ramesh Vishwanath,BJP,49840.0,78509.0,42.70623113117741
449,2023,3,Athani,192279.0,Laxman. Sangappa. Savadi,INC,131404.0,Mahesh. Irangouda. Kumathalli.,BJP,55282.0,76122.0,39.58934673053219
450,2023,4,Kagwad,162078.0,Bharamgouda Alagouda Kage,INC,83387.0,Shrimant Balasaheb Patil,BJP,74560.0,8827.0,5.446143214995249
451,2023,7,Hukkeri,167903.0,Katti Nikhil Umesh,BJP,103574.0,A.b.patil,INC,61023.0,42551.0,25.342608529925016
452,2023,8,Arabhavi,190105.0,Balachandra Laxmanrao Jarkiholi,BJP,115402.0,Bhimappa Gundappa Gadad,IND,43862.0,71540.0,37.631835038531335
453,2023,9,Gokak,190390.0,Jarkiholi Ramesh Laxmanrao,BJP,105313.0,Kadadi Mahantesh Kallappa,INC,79901.0,25412.0,13.347339671201219
454,2023,11,Belgaum Uttar,149478.0,Asif (raju) Sait,INC,69184.0,Dr. Ravi B. Patil,BJP,64953.0,4231.0,2.830516865358113
455,2023,12,Belgaum Dakshin,159111.0,Abhay Patil,BJP,77094.0,Ramakant Konduskar,IND,64786.0,12308.0,7.735480262206887
456,2023,13,Belgaum Rural,204562.0,Laxmi R. Hebbalkar,INC,107619.0,Nagesh Annappa Manolkar,BJP,51603.0,56016.0,27.38338498841427
457,2023,14,Khanapur,161013.0,Vithal Somanna Halagekar,BJP,91834.0,Dr. Anjali Hemant Nimbalkar,INC,37205.0,54629.0,33.92831634712725
458,2023,15,Kittur,156660.0,Babasaheb Patil,INC,77536.0,Doddagoudar Mahantesh Basavantaray,BJP,74543.0,2993.0,1.9105068300778756
459,2023,16,Bailhongal,152596.0,Koujalagi. Mahantesh. Shivanand.,INC,58408.0,Jagdish Channappa Metgud,BJP,55630.0,2778.0,1.8204933287897456
460,2023,17,Saundatti Yellamma,163317.0,Vishwas Vasant Vaidya,INC,71224.0,Mamani Ratna Anand Vishwanath,BJP,56529.0,14695.0,8.99783855936614
461,2023,18,Ramdurg,154029.0,Ashok Mahadevappa Pattan,INC,80294.0,Chikkarevanna,BJP,68564.0,11730.0,7.615449038817365
462,2023,20,Terdal,179661.0,Siddu Savadi,BJP,77265.0,Siddu.ramappa.konnur.,INC,66520.0,10745.0,5.980708111387558
463,2023,21,Jamkhandi,167688.0,Jagadeesh Shivayya Gudagunti,BJP,81937.0,Anand Siddu Nyamagouda,INC,77221.0,4716.0,2.812365822241305
464,2023,22,Bilgi,184837.0,J. T. Patil.,INC,95652.0,Nirani Muragesh Rudrappa,BJP,84523.0,11129.0,6.02098064781402
465,2023,23,Badami,169038.0,B.b.chimmanakatti,INC,65845.0,Shanthagouda Thirthgouda Patil.,BJP,56120.0,9725.0,5.75314426342006
466,2023,24,Bagalkot,170370.0,Meti. Hullappa. Yamanappa,INC,79336.0,Veerabhadrayya (veeranna) Charantimath,BJP,73458.0,5878.0,3.4501379350824672
467,2023,25,Hungund,165361.0,Kashappanavara Vijayanand Shivashankrappa,INC,78434.0,Doddanagouda G Patil,BJP,48427.0,30007.0,18.146358573061363
468,2023,26,Muddebihal,155021.0,Appaji. Aliyas. Channabasavaraj. S o Shankarao. Nadagouda.,INC,79483.0,A. S. Patil (nadahalli),BJP,71846.0,7637.0,4.9264293224788895
469,2023,27,Devar Hippargi,151983.0,Bhimanagouda (rajugouda) Basanagouda Patil,JD(S),65952.0,Somanagouda B. Patil (sasanur),BJP,45777.0,20175.0,13.274510965042143
470,2023,28,Basavana Bagevadi,158446.0,Shivanand Patil,INC,68126.0,Bellubbi Sangappa Kallappa,BJP,43263.0,24863.0,15.691781427110813
471,2023,29,Babaleshwar,179186.0,M B Patil.,INC,93923.0,Vijayakumar (vijayagouda) Patil,BJP,78707.0,15216.0,8.491734845356222
472,2023,30,Bijapur City,183047.0,Basanagouda R Patil (yatnal),BJP,94201.0,Abdul Hameed Khajasab Musharif,INC,85978.0,8223.0,4.492288865701158
473,2023,32,Indi,180859.0,Yashavantaraygoud. Vittalagoud. Patil,INC,71785.0,B. D. Patil (hanjagi),JD(S),61456.0,10329.0,5.711078796189296
474,2023,33,Sindgi,173399.0,Ashok Mallappa Managuli,INC,87621.0,Bhusanur Ramesh Balappa,BJP,79813.0,7808.0,4.502909474679784
475,2023,34,Afzalpur,160322.0,M.y.patil,INC,56313.0,Nitin Venkayya Guttedar,IND,51719.0,4594.0,2.8654832150297525
476,2023,37,Shahapur,166714.0,Sharanabasappa Darshanapur,INC,78353.0,Ameenraddi Yalagi,BJP,52326.0,26027.0,15.61176625838262
477,2023,38,Yadgir,155002.0,Channareddy Patil Tunnur,INC,53802.0,Venkatreddy Mudnal,BJP,50129.0,3673.0,2.3696468432665383
478,2023,39,Gurmitkal,162330.0,Sharana Gowda Kandakur,JD(S),72297.0,Baburao Chinchansoor,INC,69718.0,2579.0,1.5887389884802563
479,2023,41,Sedam,175997.0,Dr. Sharanprakash Rudrappa Patil,INC,93377.0,Rajkumar Patil Telkur,BJP,49816.0,43561.0,24.75099007369444
480,2023,44,Gulbarga Dakshin,159567.0,Allamprabhu Patil,INC,87345.0,Dattatreya.c. Patil Revoor Appugouda,BJP,66297.0,21048.0,13.190697324634792
481,2023,45,Gulbarga Uttar,178845.0,Kaneez Fatima,INC,80973.0,Chandrakant B. Patil (chandu Patil),BJP,78261.0,2712.0,1.5163968799798708
482,2023,46,Aland,174588.0,Bhojaraj,INC,89508.0,Subhash Guttedar,BJP,79160.0,10348.0,5.927096936788325
483,2023,47,Basavakalyan,175991.0,Sharanu Salagar,BJP,92920.0,Vijay Singh,INC,78505.0,14415.0,8.190759754760187
484,2023,49,Bidar South,153384.0,Dr. Shailendra Beldale,BJP,49872.0,Ashok Kheny,INC,48609.0,1263.0,0.8234235643874198
485,2023,50,Bidar,150277.0,Rahim Khan,INC,69165.0,Suryakanth Nagamarpalli,JD(S),58385.0,10780.0,7.173419751525516
486,2023,51,Bhalki,174778.0,Eshwar Khandre,INC,99451.0,Prakash Khandre,BJP,71745.0,27706.0,15.85210953323645
487,2023,54,Raichur,145343.0,Dr. Shivaraj Patil,BJP,69755.0,Mohammed Shalam,INC,65923.0,3832.0,2.6365218827188097
488,2023,58,Sindhanur,175412.0,Hampanagouda Badarli,INC,73645.0,K. Kariyappa,BJP,51703.0,21942.0,12.508836339589083
489,2023,60,Kushtagi,183082.0,Doddanagouda Hanamagouda Patil,BJP,92915.0,Amaregouda Linganagouda Patil Bayyapur,INC,83269.0,9646.0,5.268677423231121
490,2023,62,Gangawati,159859.0,G Janardhan Reddy,KRPP,66213.0,Iqbal Ansari,INC,57947.0,8266.0,5.17080677346912
491,2023,63,Yelburga,176998.0,Basavaraj Rayareddi,INC,94330.0,Achar Halappa Basappa,BJP,77149.0,17181.0,9.70688934338241
492,2023,64,Koppal,194749.0,K. Raghavendra Basavaraj Hitnal,INC,90430.0,Karadi Manjula,BJP,54170.0,36260.0,18.618837580680776
493,2023,66,Gadag,170232.0,H. K. Patil,INC,89958.0,Anil. P. Menasinakai,BJP,74828.0,15130.0,8.88787067061422
494,2023,67,Ron,178196.0,Gurupadagouda Sanganagouda Patil,INC,94865.0,Kalakappa Gurushantappa Bandi,BJP,70177.0,24688.0,13.854407506341332
495,2023,68,Nargund,150236.0,C. C. Patil,BJP,72835.0,B. R. Yavagal,INC,71044.0,1791.0,1.1921243909582258
496,2023,69,Navalgund,161914.0,Ningaraddi Hanamaraddi Konaraddi,INC,86081.0,Shankar Basanagouda Patil Munenakoppa,BJP,63882.0,22199.0,13.710364761540077
497,2023,70,Kundgol,155086.0,M R Patil,BJP,76105.0,Kusumavathi Channabasappa Shivalli,INC,40764.0,35341.0,22.788001495944187
498,2023,71,Dharwad,165663.0,Vinay Kulkarni,INC,89333.0,Amrut Ayyappa Desai,BJP,71296.0,18037.0,10.88776612762053
499,2023,75,Kalghatgi,162253.0,Santosh.s.lad,INC,85761.0,Chabbi Nagaraj,BJP,71404.0,14357.0,8.84852668363605
500,2023,76,Haliyal,142827.0,Deshpande Raghunath,INC,57240.0,Sunil Hegade,BJP,53617.0,3623.0,2.536635230033537
501,2023,77,Karwar,164267.0,Satish Krishna Sail,INC,77445.0,Roopali Santosh Naik,BJP,75307.0,2138.0,1.301539566681074
502,2023,78,Kumta,148530.0,Dinakar Keshav Shetty,BJP,59965.0,Suraj Naik Soni,JD(S),59289.0,676.0,0.4551269103884737
503,2023,79,Bhatkal,174848.0,Mankal Vaidya,INC,100442.0,Sunil B. Naik,BJP,67771.0,32671.0,18.685372437774525
504,2023,80,Sirsi,160538.0,Bhimanna T. Naik,INC,76887.0,Kageri Vishweshwar Hegde,BJP,68175.0,8712.0,5.426752544568887
505,2023,81,Yellapur,150338.0,Arabail Hebbar Shivaram,BJP,74699.0,Andalagi Veerabhadragouda Shivanagoud Patil,INC,70695.0,4004.0,2.6633319586531683
506,2023,82,Hangal,179272.0,Mane Srinivas,INC,94590.0,Shivaraj Sajjanar,BJP,72645.0,21945.0,12.241175420589942
507,2023,83,Shiggaon,182027.0,Basavaraj bommai,BJP,100016.0,Pathan Yasirahmedkhan,INC,64038.0,35978.0,19.765199668181094
508,2023,85,Byadgi,175863.0,Basavaraj Neelappa Shivannanavar,INC,97740.0,Ballari Virupakshappa Rudrappa,BJP,73899.0,23841.0,13.556575288719062
509,2023,86,Hirekerur,159497.0,Ujaneshwar Basavannappa Banakar,INC,85378.0,Basavanagouda Patil,BJP,70358.0,15020.0,9.417105023918944
510,2023,87,Ranibennur,193020.0,Prakash Koliwad,INC,71830.0,Arunkumar Guttur,BJP,62030.0,9800.0,5.077194073153041
511,2023,90,Vijayanagara,180837.0,H.r.gaviyappa,INC,104863.0,Siddharth Singh A Thakur,BJP,71140.0,33723.0,18.64828547255263
512,2023,94,Bellary City,178350.0,Nara Bharath Reddy,INC,86440.0,Gali Lakshmi Aruna,KRPP,48577.0,37863.0,21.229604709840203
513,2023,99,Chitradurga,203906.0,K.c.veerendra Puppy,INC,122021.0,G.h.thippa Reddy,BJP,68721.0,53300.0,26.139495649956352
514,2023,100,Hiriyur,200016.0,D.sudhakar,INC,92050.0,K.poornima,BJP,61728.0,30322.0,15.159787217022638
515,2023,101,Hosadurga,167580.0,B. G. Govindappa,INC,81050.0,S. Lingamurthy,BJP,48234.0,32816.0,19.582289055973266
516,2023,104,Harapanahalli,177425.0,Latha Mallikarjun,IND,70194.0,G Karunakara Reddy,BJP,56349.0,13845.0,7.803297167817387
517,2023,105,Harihar,168473.0,B P Harish,BJP,63924.0,Srinivasa N H (nandigavi),INC,59620.0,4304.0,2.554712031007936
518,2023,106,Davanagere North,167891.0,S.s.mallikarjun.,INC,94019.0,Lokikere Nagaraj,BJP,69547.0,24472.0,14.576123794604834
519,2023,107,Davanagere South,146382.0,Shamanur Shivashankarappa,INC,84298.0,Ajay Kumar. B.g,BJP,56410.0,27888.0,19.051522728204286
520,2023,109,Channagiri,166402.0,Basavaraju V Shivaganga,INC,78263.0,Madal Mallikarjuna,IND,61828.0,16435.0,9.876684174469057
521,2023,110,Honnali,170124.0,Shanthana Gowda.d.g.,INC,92392.0,M.p. Renukacharya,BJP,74832.0,17560.0,10.321882861912487
522,2023,112,Bhadravati,155311.0,B. K. Sangameshwara,INC,66208.0,Sharada Appaji,JD(S),63503.0,2705.0,1.7416667203224496
523,2023,113,Shimoga,179829.0,Channabasappa (chenni),BJP,96490.0,H C Yogesh,INC,68816.0,27674.0,15.389064055296977
524,2023,114,Tirthahalli,161756.0,Araga Jnanendra,BJP,84563.0,Kimmane Ratnakar,INC,72322.0,12241.0,7.567570909270753
525,2023,115,Shikaripura,166729.0,Vijayendra Yediyurappa,BJP,81810.0,S. P. Nagarajagowda,IND,70802.0,11008.0,6.602330728307614
526,2023,116,Sorab,164036.0,Madhu Bangarappa,INC,98912.0,S. Kumara Bangarappa,BJP,54650.0,44262.0,26.983101270452824
527,2023,117,Sagar,166465.0,Gopala Krishna Beluru,INC,88988.0,H.halappa Harathalu,BJP,72966.0,16022.0,9.624846063737122
528,2023,118,Byndoor,185683.0,Gururaj Shetty Gantihole,BJP,98628.0,K. Gopal Poojary,INC,82475.0,16153.0,8.699234717233134
529,2023,119,Kundapura,167471.0,A Kiran Kumar Kodgi,BJP,102424.0,Dinesh Hegde Molahalli,INC,60868.0,41556.0,24.81384836777711
530,2023,120,Udupi,166060.0,Yashpal A Suvarna,BJP,97079.0,Prasadraj Kanchan,INC,64303.0,32776.0,19.73744429724196
531,2023,121,Kapu,151355.0,Gurme Suresh Shetty,BJP,80559.0,Vinay Kumar Sorake,INC,67555.0,13004.0,8.591721449572198
532,2023,122,Karkal,156843.0,V Sunill Kumar,BJP,77028.0,Udaya Shetty Muniyal,INC,72426.0,4602.0,2.9341443354182206
533,2023,123,Sringeri,141580.0,T.d.rajegowda,INC,59171.0,D.n.jeevaraja.,BJP,58970.0,201.0,0.14196920468992796
534,2023,125,Chikmagalur,170072.0,H. D. Thammaiah,INC,85054.0,C. T. Ravi,BJP,79128.0,5926.0,3.484406604261724
535,2023,126,Tarikere,154149.0,G.h. Srinivasa,INC,63086.0,D.s. Suresh,BJP,50955.0,12131.0,7.869658577090996
536,2023,127,Kadur,169248.0,Anand. K.s,INC,75482.0,Belli Prakash,BJP,63480.0,12002.0,7.091368878805067
537,2023,129,Tiptur,156069.0,K Shadakshari,INC,71999.0,B.c. Nagesh,BJP,54347.0,17652.0,11.310381946446764
538,2023,130,Turuvekere,160338.0,M.t.krishnappa,JD(S),68163.0,Masala Jayaram,BJP,58240.0,9923.0,6.188801157554666
539,2023,131,Kunigal,174277.0,Dr H D Ranganath,INC,74724.0,D Krishnakumar,BJP,48151.0,26573.0,15.247565656971373
540,2023,132,Tumkur City,175085.0,G B Jyothi Ganesh,BJP,59165.0,N Govindaraju,JD(S),55967.0,3198.0,1.8265413941799697
541,2023,133,Tumkur Rural,182389.0,B.suresh Gowda,BJP,89191.0,D.c.gowrishankar Swamy,JD(S),84597.0,4594.0,2.5187922517257073
542,2023,135,Gubbi,160136.0,S R Srinivas (vasu),INC,60520.0,S D Dilipkumar,BJP,51979.0,8541.0,5.3335914472698205
543,2023,136,Sira,190706.0,T B Jayachandra,INC,86084.0,R Ugresh,JD(S),56834.0,29250.0,15.337745010644657
544,2023,138,Madhugiri,166615.0,Kyathasandra N. Rajanna,INC,91166.0,M.v.veerabhadraiah,JD(S),55643.0,35523.0,21.320409326891337
545,2023,139,Gauribidanur,180815.0,K.h.puttaswamy Gowda (khp),IND,83837.0,N.h.shivashankara Reddy,INC,46551.0,37286.0,20.62107679119542
546,2023,140,Bagepalli,173372.0,S.n. Subbareddy (chinnakayalapalli),INC,82128.0,C. Muniraju,BJP,62949.0,19179.0,11.062339939551947
547,2023,141,Chikkaballapur,184817.0,Pradeep Eshwar,INC,86224.0,Dr. K. Sudhakar,BJP,75582.0,10642.0,5.758128310707349
548,2023,142,Sidlaghatta,177260.0,B.n. Ravi Kumar,JD(S),68932.0,Puttu Anjinappa,IND,52160.0,16772.0,9.461807514385647
549,2023,143,Chintamani,190632.0,Dr. M.c. Sudhakar,INC,97324.0,J.k. Krishna Reddy,JD(S),68272.0,29052.0,15.23983381593856
550,2023,144,Srinivaspur,190972.0,G.k. Venkatashivareddy,JD(S),95463.0,K.r. Ramesh Kumar,INC,85020.0,10443.0,5.468340908614875
551,2023,148,Kolar,192818.0,Kothur.g. Manjunatha,INC,83990.0,C.m.r. Srinath,JD(S),53229.0,30761.0,15.95338609465921
552,2023,149,Malur,173292.0,K.y.nanjegowda,INC,50955.0,K.s.manjunathagowda,BJP,50707.0,248.0,0.14311104955797152
553,2023,150,Yelahanka,274807.0,S R Vishwanath,BJP,141538.0,Keshava Rajanna B,INC,77428.0,64110.0,23.329100059314356
554,2023,152,Byatarayanapura,294274.0,Krishna Byregowda,INC,160182.0,Thammesh Gowda H C,BJP,121978.0,38204.0,12.982458525048084
555,2023,153,Yeshvanthapura,357911.0,S.t. Somashekar,BJP,169149.0,T.n.javarayi Gowda,JD(S),154031.0,15118.0,4.223955117333639
556,2023,154,Rajarajeshwarinagar,262701.0,Munirathna,BJP,127980.0,Kusuma .h,INC,116138.0,11842.0,4.507786418780286
557,2023,155,Dasarahalli,229641.0,S. Muniraju,BJP,91289.0,R. Manjunatha,JD(S),82095.0,9194.0,4.0036404648995605
558,2023,156,Mahalakshmi Layout,159103.0,K. Gopalaiah,BJP,96424.0,Keshavamurthy S,INC,45259.0,51165.0,32.15841310346128
559,2023,157,Malleshwaram,126493.0,Dr Ashwath Narayan C N,BJP,80606.0,Anoop Iyengar,INC,39304.0,41302.0,32.65160917995462
560,2023,158,Hebbal,159132.0,Suresha B S,INC,91838.0,Jagdeesha Katta K S,BJP,61084.0,30754.0,19.326094060277
561,2023,160,Sarvagnanagar,194604.0,Kelachandra Joseph George,INC,118783.0,Padmanabha Reddy,BJP,63015.0,55768.0,28.657170458983373
562,2023,162,Shivajinagar,110447.0,Rizwan Arshad,INC,64913.0,Chandra.n.,BJP,41719.0,23194.0,21.0001177035139
563,2023,163,Shanti Nagar,119970.0,N. A. Haris,INC,61030.0,K Shivakumar,BJP,53905.0,7125.0,5.938984746186547
564,2023,164,Gandhi Nagar,132609.0,Dinesh Gundu Rao,INC,54118.0,Sapthagiri Gowda A R,BJP,54013.0,105.0,0.07918014614392688
565,2023,165,Rajaji Nagar,118187.0,S.suresh Kumar,BJP,58624.0,Puttanna,INC,50564.0,8060.0,6.819700982341543
566,2023,166,Govindraj Nagar,161453.0,Priyakrishna,INC,82134.0,K. Umesh Shetty,BJP,69618.0,12516.0,7.752101230698718
567,2023,167,Vijay Nagar,158713.0,M.krishnappa,INC,80157.0,H Ravindra,BJP,72833.0,7324.0,4.614618840296636
568,2023,168,Chamrajpet,124767.0,B.z.zameer Ahmed Khan,INC,77631.0,Bhaskar Rao,BJP,23678.0,53953.0,43.24300496124776
569,2023,169,Chickpet,128828.0,Uday B. Garudachar,BJP,57299.0,R. V. Devraj,INC,45186.0,12113.0,9.402459092743813
570,2023,170,Basavanagudi,128286.0,Ravi Subramanya L.a.,BJP,78854.0,U.b.venkatesh,INC,23876.0,54978.0,42.8558065572237
571,2023,171,Padmanaba Nagar,159991.0,R. Ashoka,BJP,98750.0,V. Raghunatha Naidu,INC,43575.0,55175.0,34.4863148552106
572,2023,173,Jayanagar,120743.0,C K Ramamurthy,BJP,57797.0,Sowmya Reddy,INC,57781.0,16.0,0.013251285788824197
573,2023,175,Bommanahalli,215037.0,Sathish Reddy .m,BJP,113574.0,Umapathy Srinivasa Gowda,INC,89359.0,24215.0,11.260852783474471
574,2023,176,Bangalore South,382112.0,M Krishnappa,BJP,196220.0,R K Ramesh,INC,146521.0,49699.0,13.006396030483208
575,2023,178,Hosakote,213896.0,Sharath Kumar Bachegowda,INC,107220.0,N Nagaraju,BJP,102145.0,5075.0,2.3726483898717134
576,2023,180,Doddaballapur,182365.0,Dheeraj Muniraj,BJP,85144.0,T.venkataramanaiah (appakaranahalli T.venkatesh),INC,53391.0,31753.0,17.411784059441228
577,2023,182,Magadi,202508.0,H. C. Balakrishna,INC,94650.0,A. Manjunath.,JD(S),82811.0,11839.0,5.846188792541529
578,2023,183,Ramanagaram,182750.0,H. A. Iqbal Hussain,INC,87690.0,Nikhil Kumaraswamy,JD(S),76975.0,10715.0,5.863201094391244
579,2023,184,Kanakapura,190623.0,D K Shivakumar,INC,143023.0,B Nagaraju,JD(S),20631.0,122392.0,64.20631298426738
580,2023,185,Channapatna,197796.0,H.d. Kumaraswamy,JD(S),96592.0,C.p. Yogeshwara,BJP,80677.0,15915.0,8.046168779955105
581,2023,187,Maddur,183390.0,Udaya.k.m,INC,87019.0,D.c.thammanna,JD(S),62906.0,24113.0,13.148481378483016
582,2023,188,Melukote,183883.0,Dharshan Puttannaiah,SKP,91151.0,C. S. Puttaraju,JD(S),80289.0,10862.0,5.907016961872495
583,2023,189,Mandya,174546.0,Ravikumar Gowda (ganiga),INC,61411.0,B.r. Ramachandra,JD(S),59392.0,2019.0,1.1567151352652023
584,2023,191,Nagamangala,192146.0,N. Chaluvarayaswamy,INC,90634.0,Sureshgowdaa,JD(S),86220.0,4414.0,2.2972114954253535
585,2023,192,Krishnarajpet,189545.0,H.t.manju,JD(S),80646.0,B.l.devaraja,INC,58302.0,22344.0,11.788229707984911
586,2023,193,Shravanabelagola,175067.0,C.n. Balakrishna,JD(S),85668.0,M.a. Gopalaswamy,INC,79023.0,6645.0,3.7956896502481907
587,2023,194,Arsikere,186111.0,K.m. Shivalinge Gowda,INC,98375.0,N.r. Santhosh,JD(S),78198.0,20177.0,10.841379606793796
588,2023,195,Belur,164021.0,H.k. Suresh (hullalli Suresh),BJP,63571.0,B. Shivaramu,INC,55835.0,7736.0,4.716469232598265
589,2023,196,Hassan,171038.0,Swaroop Prakash,JD(S),85176.0,Preetham J. Gowda,BJP,77322.0,7854.0,4.591962020135877
590,2023,197,Holenarasipur,185444.0,H.d. Revanna,JD(S),88103.0,Shreyas M Patel,INC,84951.0,3152.0,1.6997044930005825
591,2023,198,Arkalgud,194067.0,A. Manju,JD(S),74844.0,M.t. Krishnegowda,IND,54946.0,19898.0,10.253159991137082
592,2023,200,Belthangady,189007.0,Harish Poonja,BJP,101004.0,Rakshith Shivaram,INC,82788.0,18216.0,9.63773828482543
593,2023,201,Moodabidri,158721.0,Umanatha Kotian,BJP,86925.0,Mithun M Rai,INC,64457.0,22468.0,14.155656781396287
594,2023,202,Mangalore City North,182363.0,Bharath Shetty. Y.,BJP,103531.0,Inayath Ali,INC,70609.0,32922.0,18.053004172995617
595,2023,203,Mangalore City South,161943.0,D.vedavyasa Kamath,BJP,91437.0,J.r.lobo,INC,67475.0,23962.0,14.79656422321434
596,2023,204,Mangalore,159999.0,U.t. Khader Fareed,INC,83219.0,Sathish Kumpala,BJP,60429.0,22790.0,14.243839023993901
597,2023,205,Bantval,185572.0,Rajesh Naik U,BJP,93324.0,B. Ramanath Rai,INC,85042.0,8282.0,4.462957773802082
598,2023,206,Puttur,172762.0,Ashok Kumar Rai,INC,66607.0,Arun Kumar Puthila,IND,62458.0,4149.0,2.401569789652817
599,2023,208,Madikeri,177416.0,Dr. Mantar Gowda,INC,84879.0,Appachu Ranjan M. P,BJP,80477.0,4402.0,2.4811741894755825
600,2023,209,Virajpet,167778.0,A.s.ponnanna,INC,83791.0,K.g.bopaiah,BJP,79500.0,4291.0,2.5575462813956538
601,2023,211,Krishnarajanagara,188841.0,Ravishankar.d.,INC,104502.0,Sa.ra. Mahesh.,JD(S),78863.0,25639.0,13.57703041182794
602,2023,212,Hunsur,200945.0,G.d. Harish Gowda,JD(S),94665.0,H.p.manjunath,INC,92254.0,2411.0,1.1998307994724926
603,2023,215,Chamundeshwari,247118.0,G. T. Devegowda,JD(S),104873.0,S. Siddegowda,INC,79373.0,25500.0,10.318956935553055
604,2023,216,Krishnaraja,150322.0,T.s. Srivathsa,BJP,73670.0,M.k. Somashekar,INC,66457.0,7213.0,4.798366173946595
605,2023,217,Chamaraja,150615.0,K. Harish Gowda,INC,72931.0,L. Nagendra.,BJP,68837.0,4094.0,2.7181887594197125
606,2023,218,Narasimharaja,184941.0,Tanveer Sait,INC,83480.0,S. Satheesh Sandesh Swamy,BJP,52360.0,31120.0,16.82698806646444
607,2023,219,Varuna,199379.0,Siddaramaiah,INC,119816.0,V. Somanna,BJP,73653.0,46163.0,23.153391279924165
608,2023,221,Hanur,180366.0,M.r. Manjunath,JD(S),75632.0,R. Narendra,INC,57978.0,17654.0,9.787875763724871
609,2023,223,Chamarajanagar,173057.0,C. Puttarangashetty,INC,83858.0,V.somanna,BJP,76325.0,7533.0,4.352901067278411
610,2023,224,Gundlupet,187995.0,H.m.ganesh Prasad,INC,107794.0,C.s. Niranjan Kumar,BJP,71119.0,36675.0,19.50849756642464
